PROPERTY_ASSET_CLASS,SERIES_GROUP,SERIES,2012-01-01,2012-02-01,2012-03-01,2012-04-01,2012-05-01,2012-06-01,2012-07-01,2012-08-01,2012-09-01,2012-10-01,2012-11-01,2012-12-01,2013-01-01,2013-02-01,2013-03-01,2013-04-01,2013-05-01,2013-06-01,2013-07-01,2013-08-01,2013-09-01,2013-10-01,2013-11-01,2013-12-01,2014-01-01,2014-02-01,2014-03-01,2014-04-01,2014-05-01,2014-06-01,2014-07-01,2014-08-01,2014-09-01,2014-10-01,2014-11-01,2014-12-01,2015-01-01,2015-02-01,2015-03-01,2015-04-01,2015-05-01,2015-06-01,2015-07-01,2015-08-01,2015-09-01,2015-10-01,2015-11-01,2015-12-01,2016-01-01,2016-02-01,2016-03-01,2016-04-01,2016-05-01,2016-06-01,2016-07-01,2016-08-01,2016-09-01,2016-10-01,2016-11-01,2016-12-01,2017-01-01,2017-02-01,2017-03-01,2017-04-01,2017-05-01,2017-06-01,2017-07-01,2017-08-01,2017-09-01,2017-10-01,2017-11-01,2017-12-01,2018-01-01,2018-02-01,2018-03-01,2018-04-01,2018-05-01,2018-06-01,2018-07-01,2018-08-01,2018-09-01,2018-10-01,2018-11-01,2018-12-01,2019-01-01,2019-02-01,2019-03-01,2019-04-01,2019-05-01,2019-06-01,2019-07-01,2019-08-01,2019-09-01,2019-10-01,2019-11-01,2019-12-01,2020-01-01,2020-02-01,2020-03-01,2020-04-01,2020-05-01,2020-06-01,2020-07-01,2020-08-01,2020-09-01,2020-10-01,2020-11-01,2020-12-01,2021-01-01,2021-02-01,2021-03-01,2021-04-01,2021-05-01,2021-06-01,2021-07-01,2021-08-01,2021-09-01,2021-10-01,2021-11-01,2021-12-01,2022-01-01,2022-02-01,2022-03-01,2022-04-01,2022-05-01
Discretionary,Rent,Rent Survey Units,3732,5312,5312,5312,5312,5576,5576,5576,5576,6680,6680,6680,6680,6680,6680,6680,6680,7374,7374,7374,7374,7897,7897,7897,7897,9806,9806,9806,9806,13983,13983,13983,13983,16219,16219,16219,16219,19905,19905,19905,19905,21023,21023,21023,21023,22644,22644,22644,22644,23658,23658,23658,23658,27280,27280,27280,27676,29596,30347,30845,30985,32149,32149,32149,32149,33593,33593,33808,33808,34132,35062,35062,35062,36197,36416,36416,36860,38546,38851,39001,39001,39857,39865,39865,39865,39908,40178,40178,40178,41063,41255,41508,41508,42075,42855,42911,42911,43111,43109,43109,43109,43168,43470,43470,43761,44249,44761,44761,45064,45735,45879,45879,47684,48300,48580,48680,49047,50979,51384,52180,52448,52694,52694,53087,53087
Discretionary,Rent,Rent Survey Properties,10,16,16,16,16,17,17,17,17,21,21,21,21,21,21,21,21,24,24,24,24,26,26,26,26,32,32,32,32,44,44,44,44,52,52,52,52,67,67,67,67,72,72,72,72,81,81,81,81,88,88,88,88,104,104,104,105,111,114,116,117,122,122,122,122,127,127,128,128,129,133,133,133,138,139,139,140,145,147,148,148,149,149,149,149,150,151,151,151,154,155,156,156,157,159,159,159,160,160,160,160,162,163,164,165,169,171,171,173,176,177,178,186,190,191,193,195,204,205,208,210,212,214,218,218
Discretionary,Rent,Rent Per Unit Actual,1126,1189,1172,1182,1197,1201,1208,1206,1221,1253,1252,1264,1256,1259,1259,1261,1274,1294,1293,1282,1290,1302,1302,1293,1288,1287,1280,1300,1309,1269,1274,1282,1288,1289,1279,1275,1284,1354,1351,1356,1360,1397,1397,1401,1410,1419,1414,1408,1409,1420,1424,1427,1432,1426,1427,1424,1411,1426,1414,1429,1436,1439,1442,1443,1447,1460,1458,1454,1446,1444,1431,1425,1421,1436,1451,1465,1480,1490,1499,1501,1505,1513,1507,1501,1497,1494,1506,1517,1527,1545,1551,1555,1558,1566,1570,1565,1562,1558,1556,1552,1547,1544,1544,1544,1557,1556,1553,1552,1554,1562,1589,1616,1641,1672,1702,1730,1750,1767,1768,1763,1765,1774,1788,1801,1828
Discretionary,Rent,Rent Per Unit Market,1124,1186,1169,1178,1198,1198,1205,1203,1222,1250,1248,1261,1255,1255,1256,1257,1274,1291,1290,1279,1290,1300,1299,1290,1289,1281,1274,1294,1304,1269,1278,1285,1291,1288,1277,1275,1284,1351,1348,1353,1358,1394,1395,1399,1408,1415,1410,1404,1405,1417,1421,1424,1428,1422,1424,1420,1406,1422,1410,1426,1433,1434,1437,1438,1442,1456,1454,1450,1443,1441,1426,1421,1418,1432,1447,1461,1476,1486,1494,1496,1500,1508,1502,1495,1492,1490,1501,1513,1523,1541,1547,1551,1554,1563,1566,1562,1558,1554,1552,1548,1543,1541,1541,1540,1553,1552,1549,1548,1549,1559,1585,1612,1637,1667,1698,1726,1745,1762,1762,1757,1760,1768,1782,1795,1822
Discretionary,Rent,Rent Per SqFt Actual,1.07,1.08,1.06,1.07,1.09,1.09,1.10,1.10,1.11,1.16,1.15,1.17,1.16,1.16,1.16,1.16,1.18,1.21,1.21,1.20,1.20,1.23,1.23,1.22,1.21,1.22,1.22,1.24,1.24,1.20,1.21,1.22,1.22,1.23,1.22,1.22,1.22,1.30,1.29,1.30,1.30,1.34,1.34,1.34,1.35,1.37,1.36,1.35,1.36,1.38,1.38,1.38,1.39,1.39,1.39,1.38,1.37,1.39,1.38,1.40,1.41,1.42,1.42,1.42,1.43,1.44,1.44,1.44,1.43,1.43,1.42,1.41,1.41,1.42,1.44,1.45,1.47,1.49,1.50,1.50,1.50,1.51,1.50,1.49,1.49,1.49,1.50,1.51,1.52,1.54,1.55,1.55,1.56,1.57,1.57,1.57,1.56,1.56,1.56,1.55,1.55,1.55,1.54,1.54,1.56,1.56,1.55,1.55,1.55,1.56,1.59,1.62,1.63,1.66,1.69,1.72,1.74,1.74,1.74,1.74,1.74,1.74,1.76,1.77,1.80
Discretionary,Rent,Rent Per SqFt Market,1.07,1.08,1.06,1.07,1.09,1.09,1.10,1.10,1.11,1.15,1.15,1.16,1.16,1.16,1.16,1.16,1.18,1.20,1.20,1.19,1.20,1.22,1.22,1.21,1.21,1.22,1.21,1.23,1.24,1.20,1.21,1.22,1.22,1.23,1.22,1.22,1.22,1.29,1.29,1.30,1.30,1.34,1.34,1.34,1.35,1.36,1.36,1.35,1.35,1.37,1.38,1.38,1.38,1.38,1.38,1.38,1.37,1.39,1.38,1.40,1.41,1.41,1.42,1.42,1.42,1.44,1.44,1.44,1.43,1.43,1.41,1.41,1.40,1.42,1.44,1.45,1.47,1.48,1.49,1.49,1.50,1.50,1.50,1.49,1.49,1.48,1.50,1.51,1.52,1.54,1.55,1.55,1.55,1.56,1.57,1.56,1.56,1.56,1.55,1.55,1.55,1.54,1.54,1.54,1.55,1.55,1.55,1.55,1.55,1.56,1.59,1.61,1.62,1.66,1.69,1.72,1.74,1.73,1.73,1.73,1.73,1.74,1.75,1.76,1.79
Discretionary,Occupancy,Occ Survey Units,3769,4233,4234,4236,4239,4243,4243,4241,4238,4241,4243,4251,4248,4245,4242,4243,4240,4240,4536,4538,4539,4541,4540,4967,4965,5639,5640,5635,5636,8206,8547,8543,8850,9203,9205,9200,9207,10774,11099,11093,11411,11715,12226,12210,12428,12507,12910,12928,13613,13434,13663,14260,14781,16893,17184,17994,18908,20165,20467,20612,21013,21373,21405,21437,21472,22277,22195,22330,22280,22462,23535,23525,23791,24308,24857,25265,25468,25722,26030,27016,28360,28924,28961,28943,29834,30424,30481,31389,32016,33300,32983,32612,32569,32232,33237,33500,33732,34160,34274,34839,34833,35269,35442,35759,36053,36069,37350,37248,37283,37368,37261,37130,38147,37931,38249,38284,38980,39135,39405,40318,41757,41742,43202,44257,
Discretionary,Occupancy,Occ Survey Properties,10,16,16,16,16,17,17,17,17,21,21,21,21,21,21,21,21,24,24,24,24,26,26,26,26,32,32,32,32,44,44,44,44,52,52,52,52,67,67,67,67,72,72,72,72,81,81,81,81,88,88,88,88,104,104,104,105,111,114,116,117,122,122,122,122,127,127,128,128,129,133,133,133,138,139,139,140,145,147,148,148,149,149,149,149,150,151,151,151,154,155,156,156,157,159,159,159,160,160,160,160,162,163,164,165,169,171,171,173,176,177,178,186,190,191,193,195,204,205,208,210,212,214,218,218
Discretionary,Occupancy,Occ Survey Rate,94.98,94.74,94.76,94.81,94.87,94.96,94.96,94.92,94.85,94.92,94.96,95.14,95.08,95.01,94.94,94.96,94.90,94.90,94.46,94.50,94.52,94.56,94.54,94.97,94.93,94.65,94.66,94.58,94.60,95.06,95.18,95.13,94.81,94.66,94.68,94.63,94.70,94.43,94.54,94.49,94.56,94.69,94.78,94.66,94.81,94.88,94.72,94.86,94.88,94.75,94.89,95.01,95.13,94.97,94.71,94.88,94.78,94.87,94.93,95.02,95.16,95.34,95.52,95.49,95.41,95.12,94.81,94.65,94.39,94.17,93.94,93.90,93.94,94.09,94.36,94.75,95.08,95.18,95.14,95.03,94.73,94.69,94.59,94.53,94.44,94.19,94.37,94.54,94.64,94.62,94.66,94.66,94.54,94.46,94.29,94.16,94.08,93.87,93.81,93.62,93.61,93.67,93.62,93.90,93.92,93.96,93.87,93.96,94.05,94.26,94.83,95.25,95.60,95.85,95.93,96.01,95.94,95.79,95.78,95.81,95.71,95.68,95.73,95.59,
Upper Mid-Range,Rent,Rent Survey Units,28377,46839,46839,46839,46839,49044,49044,49044,49044,49496,49496,49496,49496,50108,50108,50108,50108,50308,50308,50308,50308,50934,50934,50934,50934,61270,61270,61270,61270,81590,81590,81590,81590,96864,96863,96863,96863,141916,141916,141916,141916,144983,144983,145191,145191,147657,147657,147657,147657,151071,151071,151071,151071,161095,161095,161708,162132,164210,164582,166016,166016,167932,167986,168573,168725,170504,171009,171009,171009,173093,177853,177853,178183,179454,179742,179742,180016,181441,181921,182200,183051,184624,184747,184818,184959,186595,187040,187042,187527,188624,188996,189038,189050,191826,192577,192929,193321,193805,193965,195502,195986,197842,198408,198571,199013,200656,201123,201445,201637,202984,203819,204480,215656,220096,220931,222489,223272,227789,228504,231578,235225,237241,237346,237541,237692
Upper Mid-Range,Rent,Rent Survey Properties,102,161,161,161,161,168,168,168,168,171,171,171,171,174,174,174,174,175,175,175,175,178,178,178,178,217,217,217,217,285,285,285,285,347,347,347,347,519,519,519,519,533,533,533,533,553,553,553,553,575,575,575,575,612,612,613,614,622,624,628,628,635,636,639,640,651,653,653,653,662,685,685,687,694,695,695,695,704,707,709,713,724,724,724,724,730,733,733,735,742,744,745,745,755,760,762,764,770,771,778,780,795,797,798,799,810,811,813,814,828,835,841,889,927,943,959,965,996,1002,1024,1038,1062,1070,1075,1078
Upper Mid-Range,Rent,Rent Per Unit Actual,917,905,912,921,924,933,937,934,942,954,949,949,950,953,957,960,961,971,977,980,984,988,988,988,987,1005,1004,1014,1021,1018,1018,1020,1025,1026,1026,1026,1024,1044,1046,1048,1054,1064,1070,1070,1071,1079,1079,1080,1081,1087,1092,1099,1107,1102,1104,1106,1108,1109,1110,1108,1106,1106,1107,1113,1119,1129,1129,1127,1124,1124,1123,1119,1121,1123,1131,1140,1148,1158,1161,1162,1162,1166,1166,1164,1164,1167,1176,1183,1192,1201,1205,1208,1209,1211,1208,1207,1207,1207,1210,1208,1210,1215,1220,1227,1234,1240,1242,1243,1246,1252,1269,1289,1294,1315,1338,1364,1383,1402,1408,1412,1419,1429,1439,1454,1474
Upper Mid-Range,Rent,Rent Per Unit Market,922,910,917,926,932,937,940,938,950,956,951,951,957,957,960,964,969,974,980,983,992,991,991,992,996,1007,1007,1017,1027,1020,1024,1025,1029,1031,1030,1030,1028,1045,1048,1050,1056,1066,1072,1071,1073,1080,1080,1081,1082,1089,1093,1100,1109,1103,1106,1108,1110,1110,1112,1109,1107,1107,1108,1115,1120,1130,1130,1129,1126,1125,1124,1120,1123,1124,1132,1141,1149,1159,1162,1163,1163,1166,1166,1163,1163,1168,1177,1184,1193,1202,1206,1209,1210,1212,1208,1208,1207,1208,1210,1208,1210,1215,1220,1227,1234,1240,1242,1243,1246,1252,1269,1289,1293,1314,1336,1363,1381,1400,1406,1410,1416,1427,1436,1451,1472
Upper Mid-Range,Rent,Rent Per SqFt Actual,0.91,0.87,0.88,0.89,0.89,0.90,0.90,0.90,0.91,0.92,0.92,0.92,0.92,0.92,0.92,0.93,0.93,0.94,0.94,0.95,0.95,0.96,0.96,0.96,0.96,0.97,0.97,0.98,0.99,0.99,0.99,0.99,1.00,1.00,1.00,1.00,1.00,1.01,1.02,1.02,1.02,1.03,1.04,1.04,1.04,1.05,1.05,1.05,1.05,1.06,1.06,1.07,1.08,1.07,1.07,1.07,1.08,1.08,1.08,1.08,1.08,1.08,1.08,1.08,1.09,1.10,1.10,1.10,1.10,1.10,1.10,1.09,1.10,1.10,1.11,1.11,1.12,1.13,1.13,1.14,1.14,1.14,1.14,1.14,1.14,1.14,1.15,1.16,1.17,1.18,1.18,1.18,1.19,1.19,1.18,1.18,1.18,1.18,1.19,1.19,1.19,1.19,1.20,1.21,1.21,1.22,1.22,1.22,1.22,1.23,1.25,1.27,1.27,1.30,1.32,1.34,1.36,1.38,1.39,1.39,1.39,1.41,1.41,1.43,1.45
Upper Mid-Range,Rent,Rent Per SqFt Market,0.91,0.88,0.88,0.89,0.90,0.90,0.91,0.91,0.92,0.93,0.92,0.92,0.93,0.92,0.93,0.93,0.93,0.94,0.95,0.95,0.96,0.96,0.96,0.96,0.96,0.97,0.97,0.98,0.99,0.99,1.00,1.00,1.00,1.01,1.00,1.00,1.00,1.01,1.02,1.02,1.03,1.04,1.04,1.04,1.04,1.05,1.05,1.05,1.05,1.06,1.06,1.07,1.08,1.07,1.07,1.08,1.08,1.08,1.08,1.08,1.08,1.08,1.08,1.09,1.09,1.10,1.10,1.10,1.10,1.10,1.10,1.09,1.10,1.10,1.11,1.11,1.12,1.13,1.14,1.14,1.14,1.14,1.14,1.14,1.14,1.14,1.15,1.16,1.17,1.18,1.18,1.19,1.19,1.19,1.18,1.18,1.18,1.18,1.19,1.19,1.19,1.19,1.20,1.21,1.21,1.22,1.22,1.22,1.22,1.23,1.25,1.27,1.27,1.30,1.32,1.34,1.36,1.38,1.38,1.39,1.39,1.40,1.41,1.43,1.45
Upper Mid-Range,Occupancy,Occ Survey Units,25833,42434,42419,42422,42409,42597,42618,42630,42638,42612,42602,42584,42560,42541,42527,42416,42307,42244,42269,42309,42354,42764,42945,42984,42984,56077,56078,56182,57252,68360,68849,68866,68903,82898,82892,82931,83116,115921,116311,115970,116081,116781,117275,117518,118356,118885,119227,121078,122840,124952,125747,126074,126564,132872,133429,134750,134077,134740,134651,134736,134822,135152,135984,136696,137587,139126,140129,140035,140956,140657,144639,144307,143826,144143,144377,144655,145552,146065,147416,148133,148646,150208,151109,150895,151539,152233,152534,154279,154862,155888,156058,158004,159598,161002,161932,162834,163536,164158,164439,165692,166585,166219,166459,168130,168887,169185,170371,171325,171738,172222,172842,174109,176044,178263,179751,182437,184769,186171,186700,187435,188501,189815,190745,191262,
Upper Mid-Range,Occupancy,Occ Survey Properties,102,161,161,161,161,168,168,168,168,171,171,171,171,174,174,174,174,175,175,175,175,178,178,178,178,217,217,217,217,285,285,285,285,347,347,347,347,519,519,519,519,533,533,533,533,553,553,553,553,575,575,575,575,612,612,613,614,622,624,628,628,635,636,639,640,651,653,653,653,662,685,685,687,694,695,695,695,704,707,709,713,724,724,724,724,730,733,733,735,742,744,745,745,755,760,762,764,770,771,778,780,795,797,798,799,810,811,813,814,828,835,841,889,927,943,959,965,996,1002,1024,1038,1062,1070,1075,1078
Upper Mid-Range,Occupancy,Occ Survey Rate,96.03,95.39,95.36,95.37,95.34,95.33,95.38,95.41,95.42,95.37,95.34,95.30,95.25,95.21,95.17,94.93,94.68,94.54,94.59,94.68,94.78,94.89,95.03,95.12,95.12,94.98,94.98,95.02,95.09,95.24,95.23,95.26,95.31,95.45,95.45,95.49,95.43,95.10,95.16,94.97,95.06,95.21,95.41,95.48,95.56,95.64,95.66,95.60,95.61,95.65,95.73,95.76,95.72,95.69,95.60,95.45,95.38,95.27,95.14,95.08,95.03,95.03,95.08,95.17,95.21,95.23,95.15,94.97,94.69,94.52,94.34,94.24,94.21,94.29,94.45,94.66,94.83,94.93,94.92,94.87,94.81,94.71,94.60,94.51,94.49,94.52,94.61,94.76,94.89,94.98,95.04,95.00,94.90,94.77,94.67,94.48,94.42,94.36,94.39,94.43,94.50,94.66,94.80,94.87,94.92,95.02,95.15,95.24,95.32,95.41,95.60,95.81,95.98,96.16,96.27,96.31,96.26,96.19,96.15,96.08,96.02,96.00,95.96,95.95,
Low Mid-Range,Rent,Rent Survey Units,30710,49309,49309,49309,49309,50224,50224,50224,50224,50452,50444,50444,50444,50444,50444,50444,50444,50444,50444,50444,50444,50640,50640,50640,50640,71108,71108,71108,71108,97590,97590,97590,97590,114863,114863,114863,114879,172427,172427,172427,172427,174717,174717,174826,174964,180153,180153,180153,180153,183147,183198,183147,183147,191593,191593,191689,191997,192494,192494,192605,192629,193347,193367,193547,193747,195277,195279,195389,195389,195395,201823,201876,201957,202216,202216,202216,202294,202562,202562,202594,202594,202813,203121,203121,203406,203488,203480,203481,203481,203481,203481,203481,203481,204421,204505,204505,204667,205119,205119,205119,205119,205259,205384,205384,205535,205685,205685,205685,205697,205857,205998,205998,213668,215169,215771,215828,215913,217015,216875,217633,220362,220928,220992,221051,221051
Low Mid-Range,Rent,Rent Survey Properties,139,225,225,225,225,233,233,233,233,235,235,235,235,235,235,235,235,235,235,235,235,236,236,236,236,341,341,341,341,441,441,441,441,519,519,519,519,758,758,758,758,786,786,786,786,852,852,852,852,876,876,876,876,926,926,927,928,932,932,933,933,939,939,940,941,947,947,947,947,947,977,978,978,983,983,983,984,985,985,985,985,987,990,990,992,993,993,993,993,994,995,995,995,1001,1002,1002,1003,1004,1004,1004,1004,1005,1006,1006,1007,1010,1010,1012,1012,1015,1016,1016,1072,1096,1116,1122,1123,1137,1136,1146,1167,1175,1176,1178,1178
Low Mid-Range,Rent,Rent Per Unit Actual,709,713,715,720,722,728,732,735,738,741,740,742,742,741,749,752,757,763,766,767,770,774,776,776,778,792,798,801,805,788,790,790,791,787,786,788,789,804,808,810,814,820,821,822,823,826,824,828,829,829,835,840,843,837,840,841,842,841,841,842,841,841,845,848,852,856,858,858,858,857,856,857,857,856,860,863,868,872,876,878,879,881,881,882,884,886,891,895,899,904,907,909,911,913,916,916,915,916,919,921,923,927,931,936,938,942,945,947,951,956,964,974,976,987,1003,1018,1029,1040,1049,1056,1061,1070,1080,1094,1106
Low Mid-Range,Rent,Rent Per Unit Market,718,722,724,729,732,734,738,742,748,747,746,748,751,748,756,759,768,771,773,775,783,783,784,784,791,799,805,808,815,795,799,799,800,797,796,798,799,809,814,816,820,826,826,828,829,831,830,833,835,836,841,846,849,844,847,848,849,848,848,849,848,848,851,855,858,863,864,864,864,864,863,864,864,863,867,870,875,878,883,885,886,887,887,888,890,893,897,902,906,911,914,916,918,919,922,922,922,923,926,927,929,933,937,942,944,949,952,954,958,962,971,981,983,994,1009,1024,1035,1047,1055,1062,1067,1077,1086,1101,1112
Low Mid-Range,Rent,Rent Per SqFt Actual,0.77,0.75,0.75,0.76,0.76,0.76,0.77,0.77,0.77,0.78,0.78,0.78,0.78,0.78,0.79,0.79,0.79,0.80,0.80,0.80,0.81,0.81,0.81,0.81,0.82,0.82,0.83,0.83,0.84,0.82,0.82,0.82,0.83,0.82,0.82,0.82,0.82,0.85,0.86,0.86,0.86,0.87,0.87,0.87,0.87,0.87,0.87,0.88,0.88,0.88,0.88,0.89,0.89,0.88,0.89,0.89,0.89,0.89,0.89,0.89,0.89,0.89,0.89,0.89,0.90,0.90,0.90,0.90,0.90,0.90,0.90,0.90,0.90,0.90,0.91,0.91,0.92,0.92,0.92,0.93,0.93,0.93,0.93,0.93,0.93,0.93,0.94,0.94,0.95,0.95,0.96,0.96,0.96,0.96,0.97,0.97,0.97,0.97,0.97,0.97,0.97,0.98,0.98,0.99,0.99,0.99,1.00,1.00,1.00,1.01,1.02,1.03,1.04,1.05,1.06,1.08,1.09,1.10,1.11,1.12,1.12,1.13,1.14,1.16,1.17
Low Mid-Range,Rent,Rent Per SqFt Market,0.78,0.76,0.76,0.77,0.77,0.77,0.77,0.78,0.79,0.78,0.78,0.78,0.79,0.78,0.79,0.80,0.81,0.81,0.81,0.81,0.82,0.82,0.82,0.82,0.83,0.83,0.84,0.84,0.85,0.83,0.83,0.83,0.83,0.83,0.83,0.83,0.83,0.86,0.86,0.87,0.87,0.88,0.88,0.88,0.88,0.88,0.88,0.88,0.88,0.88,0.89,0.89,0.90,0.89,0.89,0.89,0.90,0.89,0.89,0.90,0.89,0.89,0.90,0.90,0.90,0.91,0.91,0.91,0.91,0.91,0.91,0.91,0.91,0.91,0.91,0.92,0.92,0.93,0.93,0.93,0.93,0.93,0.94,0.94,0.94,0.94,0.95,0.95,0.95,0.96,0.96,0.97,0.97,0.97,0.97,0.97,0.97,0.97,0.98,0.98,0.98,0.98,0.99,0.99,1.00,1.00,1.00,1.01,1.01,1.02,1.03,1.04,1.04,1.05,1.07,1.09,1.10,1.11,1.12,1.13,1.13,1.14,1.15,1.17,1.18
Low Mid-Range,Occupancy,Occ Survey Units,28141,40723,40775,40830,40877,41176,41163,41135,41179,41246,41262,41256,41171,41125,41098,41056,41062,41161,41159,41221,41510,41532,41600,41642,41624,60452,60448,60493,60590,84113,84149,84191,84818,102670,102677,102755,103059,152794,152946,153155,153466,154234,154806,154850,158270,159794,159544,160223,160604,161452,161709,162393,162272,168448,168184,168360,168898,169076,168632,169196,168168,168502,168825,168225,168645,169422,168672,168403,167498,167646,172200,172260,171773,172180,171977,172101,173562,173952,173981,174264,174789,173754,173618,173986,174376,174045,173960,174891,175027,175767,175861,175142,175565,175767,175496,177448,177673,177810,178046,178371,178554,178891,179243,179389,180437,180197,180491,180674,180830,180618,180658,181081,180684,180722,180610,180650,179391,179172,179098,179084,178445,179879,179921,179727,
Low Mid-Range,Occupancy,Occ Survey Properties,139,225,225,225,225,233,233,233,233,235,235,235,235,235,235,235,235,235,235,235,235,236,236,236,236,341,341,341,341,441,441,441,441,519,519,519,519,758,758,758,758,786,786,786,786,852,852,852,852,876,876,876,876,926,926,927,928,932,932,933,933,939,939,940,941,947,947,947,947,947,977,978,978,983,983,983,984,985,985,985,985,987,990,990,992,993,993,993,993,994,995,995,995,1001,1002,1002,1003,1004,1004,1004,1004,1005,1006,1006,1007,1010,1010,1012,1012,1015,1016,1016,1072,1096,1116,1122,1123,1137,1136,1146,1167,1175,1176,1178,1178
Low Mid-Range,Occupancy,Occ Survey Rate,94.38,93.39,93.51,93.63,93.74,93.87,93.84,93.77,93.87,93.75,93.79,93.78,93.58,93.48,93.42,93.33,93.35,93.57,93.57,93.58,93.61,93.66,93.81,93.91,93.86,94.00,93.99,94.06,94.22,94.03,94.07,94.12,94.17,94.14,94.15,94.16,94.14,93.78,93.83,93.68,93.69,93.90,94.25,94.39,94.55,94.65,94.76,94.77,94.80,94.81,94.79,94.86,94.80,94.76,94.71,94.71,94.64,94.69,94.68,94.61,94.69,94.80,94.89,94.94,94.98,94.91,94.79,94.61,94.46,94.30,94.18,94.10,94.08,94.12,94.19,94.35,94.50,94.59,94.58,94.56,94.50,94.51,94.50,94.45,94.44,94.52,94.65,94.69,94.75,94.70,94.65,94.54,94.39,94.23,94.11,94.02,93.97,94.00,94.10,94.22,94.36,94.47,94.58,94.67,94.62,94.66,94.69,94.74,94.83,95.09,95.28,95.46,95.64,95.77,95.86,95.88,95.81,95.78,95.73,95.67,95.62,95.55,95.59,95.48,
Workforce - Upper,Rent,Rent Survey Units,11983,21291,21291,21291,21291,23615,23615,23615,23615,23716,23716,23716,23716,24171,24171,24171,24171,24252,24252,24252,24252,24316,24316,24316,24316,47777,47777,47777,47777,71304,71304,71304,71304,87377,87377,87377,87377,133108,133108,133107,133107,136255,136255,136255,136255,145245,145245,145245,145245,149556,149556,149556,149549,156566,156566,156566,157066,157066,157350,157455,157918,158604,158717,158717,158717,159712,159712,159712,159712,159819,168274,168506,168758,169531,169490,170402,170512,170692,170800,170800,170858,171323,171559,171675,171705,171799,171800,171800,171800,171800,171800,171961,171961,171977,171817,171817,171817,171818,171809,171952,171952,172029,172111,172111,172111,172111,172135,172115,172323,172331,172331,172220,173955,175298,175460,175460,175508,175862,175862,176237,176819,177363,177453,177453,177453
Workforce - Upper,Rent,Rent Survey Properties,92,165,165,165,165,188,188,188,188,189,189,189,189,193,193,193,193,194,194,194,194,195,195,195,195,353,353,353,353,487,487,487,487,570,570,570,570,816,816,816,816,848,848,848,848,961,961,961,961,1017,1017,1017,1017,1067,1067,1067,1072,1072,1074,1075,1078,1084,1085,1085,1085,1090,1090,1090,1090,1091,1156,1157,1159,1164,1164,1167,1167,1169,1170,1170,1171,1175,1177,1179,1180,1181,1181,1181,1181,1182,1182,1183,1183,1184,1183,1183,1183,1183,1183,1185,1185,1186,1187,1187,1187,1187,1188,1188,1190,1192,1192,1191,1210,1229,1232,1232,1232,1236,1236,1242,1251,1255,1256,1256,1256
Workforce - Upper,Rent,Rent Per Unit Actual,596,596,595,598,599,594,600,600,603,606,608,609,612,614,615,618,619,626,628,629,628,630,632,634,637,624,626,628,631,610,610,611,612,610,612,614,615,649,651,652,653,658,659,661,661,659,661,661,663,664,667,669,672,667,668,671,672,674,677,677,677,680,683,686,688,690,690,690,691,692,692,693,695,696,699,700,702,705,707,709,711,712,712,714,716,718,720,724,727,730,731,733,735,736,738,740,740,743,746,747,748,751,755,758,761,763,765,767,769,772,777,782,786,792,799,806,812,817,825,830,838,847,855,866,875
Workforce - Upper,Rent,Rent Per Unit Market,595,603,602,605,605,598,604,604,610,610,612,613,619,618,619,622,626,630,632,633,635,634,636,638,645,627,629,631,636,616,618,618,620,616,618,620,621,654,656,657,658,662,663,665,665,663,665,666,667,668,671,673,676,671,672,675,676,678,681,681,682,683,687,689,691,694,693,694,695,696,697,697,699,701,703,705,707,710,712,714,716,716,717,718,720,722,725,728,731,734,735,738,739,740,742,744,745,747,750,751,752,756,760,763,766,768,770,771,774,777,782,787,791,797,804,811,817,822,830,834,844,852,860,871,881
Workforce - Upper,Rent,Rent Per SqFt Actual,0.73,0.72,0.72,0.72,0.72,0.72,0.72,0.72,0.73,0.73,0.73,0.73,0.74,0.74,0.74,0.75,0.75,0.76,0.76,0.76,0.76,0.76,0.76,0.76,0.77,0.75,0.75,0.75,0.75,0.72,0.72,0.72,0.72,0.72,0.73,0.73,0.73,0.77,0.78,0.78,0.78,0.79,0.79,0.79,0.79,0.79,0.79,0.80,0.80,0.80,0.80,0.81,0.81,0.81,0.81,0.81,0.81,0.81,0.82,0.82,0.82,0.82,0.83,0.83,0.83,0.83,0.83,0.83,0.84,0.84,0.84,0.84,0.84,0.84,0.84,0.85,0.85,0.85,0.86,0.86,0.86,0.86,0.86,0.86,0.87,0.87,0.87,0.88,0.88,0.88,0.88,0.89,0.89,0.89,0.89,0.89,0.89,0.90,0.90,0.90,0.90,0.91,0.91,0.92,0.92,0.92,0.93,0.93,0.93,0.93,0.94,0.95,0.95,0.96,0.97,0.98,0.98,0.99,1.00,1.00,1.02,1.03,1.04,1.05,1.06
Workforce - Upper,Rent,Rent Per SqFt Market,0.73,0.73,0.72,0.73,0.73,0.72,0.73,0.73,0.74,0.74,0.74,0.74,0.75,0.75,0.75,0.75,0.75,0.76,0.76,0.76,0.77,0.76,0.77,0.77,0.78,0.75,0.75,0.75,0.76,0.72,0.73,0.73,0.73,0.73,0.73,0.74,0.74,0.78,0.78,0.78,0.79,0.79,0.79,0.79,0.79,0.80,0.80,0.80,0.80,0.80,0.81,0.81,0.81,0.81,0.81,0.82,0.82,0.82,0.82,0.82,0.82,0.83,0.83,0.83,0.84,0.84,0.84,0.84,0.84,0.84,0.84,0.84,0.84,0.85,0.85,0.85,0.85,0.86,0.86,0.86,0.87,0.87,0.87,0.87,0.87,0.87,0.88,0.88,0.88,0.89,0.89,0.89,0.89,0.89,0.90,0.90,0.90,0.90,0.91,0.91,0.91,0.91,0.92,0.92,0.93,0.93,0.93,0.93,0.94,0.94,0.95,0.95,0.96,0.96,0.97,0.98,0.99,1.00,1.00,1.01,1.02,1.03,1.04,1.06,1.07
Workforce - Upper,Occupancy,Occ Survey Units,11228,18083,18361,18497,18502,18743,18727,18724,18736,18690,18682,18690,18634,18685,18677,18714,18714,18758,18731,18729,18769,18774,18799,18896,18904,39878,39902,39904,39936,51311,51262,51301,51393,65493,65535,66506,66527,112659,113220,112871,112918,114213,114922,114513,117204,118582,118779,122092,122148,123091,124771,124425,124604,131592,131673,131503,130600,130609,130641,132009,131899,131242,131964,131629,131670,131922,130440,129738,129105,128449,137164,138236,136723,136368,136728,136892,137113,136738,136883,136370,135994,135801,135347,134252,134389,134832,135546,137533,136518,136334,135460,135755,135651,135981,136243,136034,135878,137011,137722,138088,138483,140037,139804,140450,141102,141373,141496,141476,141478,142560,141822,141874,141608,142348,140642,141151,140563,139511,139621,139514,139945,140143,139847,139651,
Workforce - Upper,Occupancy,Occ Survey Properties,92,165,165,165,165,188,188,188,188,189,189,189,189,193,193,193,193,194,194,194,194,195,195,195,195,353,353,353,353,487,487,487,487,570,570,570,570,816,816,816,816,848,848,848,848,961,961,961,961,1017,1017,1017,1017,1067,1067,1067,1072,1072,1074,1075,1078,1084,1085,1085,1085,1090,1090,1090,1090,1091,1156,1157,1159,1164,1164,1167,1167,1169,1170,1170,1171,1175,1177,1179,1180,1181,1181,1181,1181,1182,1182,1183,1183,1184,1183,1183,1183,1183,1183,1185,1185,1186,1187,1187,1187,1187,1188,1188,1190,1192,1192,1191,1210,1229,1232,1232,1232,1236,1236,1242,1251,1255,1256,1256,1256
Workforce - Upper,Occupancy,Occ Survey Rate,94.50,93.82,94.04,93.94,93.97,94.04,93.96,93.95,94.01,93.78,93.74,93.78,93.50,93.47,93.43,93.61,93.61,93.83,93.70,93.69,93.89,93.91,94.04,94.52,94.56,94.01,94.07,94.09,94.16,93.85,93.76,93.84,94.00,93.27,93.33,93.35,93.33,93.27,93.37,93.25,93.29,93.50,94.01,94.15,94.20,94.37,94.52,94.51,94.65,94.73,94.66,94.66,94.72,94.42,94.36,94.32,94.33,94.34,94.38,94.30,94.35,94.40,94.49,94.57,94.59,94.56,94.56,94.52,94.39,94.23,94.06,93.91,93.93,93.98,93.94,94.01,94.07,94.12,94.00,93.96,93.89,93.83,93.80,93.76,93.74,93.72,93.66,93.82,93.86,93.90,93.94,93.99,94.03,93.91,93.87,93.80,93.86,93.80,93.88,93.92,94.02,93.94,94.09,94.05,94.16,94.16,94.13,94.18,94.22,94.19,94.40,94.53,94.72,94.79,94.92,94.86,94.99,94.93,94.90,94.90,94.85,94.78,94.87,94.78,
Workforce - Lower,Rent,Rent Survey Units,125,125,125,125,125,256,256,256,256,256,256,256,256,256,256,256,256,256,256,256,256,256,256,256,256,1385,1385,1385,1385,3129,3129,3129,3129,4488,4488,4488,4488,7060,7060,7060,7060,7236,7236,7236,7236,7663,7663,7663,7663,8230,8230,8230,8230,8230,8230,8230,8230,8230,8230,8230,8320,8320,8320,8320,8376,8512,8512,8512,8512,8512,8672,8672,8672,8672,8672,8672,8672,8672,8672,8672,8672,8760,8760,8760,8760,8760,8760,8832,8832,8832,8832,8832,8832,8968,8968,8968,8968,8968,8968,8968,9018,9034,9034,9034,9034,9034,9018,9018,9018,9018,9018,9018,9018,9018,9018,9018,9018,9082,9082,9082,9082,9157,9157,9157,9157
Workforce - Lower,Rent,Rent Survey Properties,1,1,1,1,1,3,3,3,3,3,3,3,3,3,3,3,3,3,3,3,3,3,3,3,3,15,15,15,15,30,30,30,30,38,38,38,38,59,59,59,59,61,61,61,61,66,66,66,66,71,71,71,71,71,71,71,71,71,71,71,72,72,72,72,73,74,74,74,74,74,75,75,75,75,75,75,75,75,75,75,75,76,76,76,76,76,76,77,77,77,77,77,77,78,78,78,78,78,78,78,79,79,79,79,79,79,79,79,79,79,79,79,79,79,79,79,79,80,80,80,80,81,81,81,81
Workforce - Lower,Rent,Rent Per Unit Actual,378,378,378,378,378,346,345,343,350,340,340,340,345,340,354,354,354,354,354,354,357,354,357,355,358,449,449,450,450,447,447,448,448,468,470,475,476,522,525,526,528,532,529,527,535,532,535,534,541,537,538,538,540,538,537,538,539,539,544,544,544,547,548,551,556,560,559,559,560,561,562,564,565,566,570,573,571,573,576,577,579,578,581,584,584,587,589,593,594,598,602,608,610,615,619,621,621,627,631,631,635,632,634,637,639,643,643,642,647,653,656,660,662,666,675,680,685,692,696,702,711,723,731,740,749
Workforce - Lower,Rent,Rent Per Unit Market,378,378,378,378,378,351,350,348,355,349,349,349,354,340,354,354,359,354,354,354,362,354,357,355,371,438,439,439,441,453,454,454,453,474,476,480,481,527,529,529,531,536,534,531,538,535,538,538,544,543,544,543,546,542,541,542,544,544,550,550,549,552,553,556,562,564,564,564,565,566,567,569,569,571,575,578,576,577,580,581,584,584,586,589,589,592,594,598,598,604,607,613,615,617,623,624,624,631,634,634,639,637,638,642,643,647,647,646,652,656,659,664,666,669,679,684,691,697,702,707,717,725,734,742,752
Workforce - Lower,Rent,Rent Per SqFt Actual,0.85,0.85,0.85,0.85,0.85,0.64,0.63,0.63,0.64,0.63,0.63,0.63,0.64,0.63,0.65,0.65,0.65,0.65,0.65,0.65,0.66,0.65,0.66,0.65,0.66,0.74,0.74,0.74,0.75,0.67,0.67,0.68,0.68,0.69,0.70,0.70,0.70,0.74,0.74,0.74,0.74,0.75,0.74,0.74,0.75,0.75,0.75,0.75,0.76,0.75,0.76,0.76,0.76,0.76,0.75,0.76,0.76,0.76,0.76,0.76,0.76,0.77,0.77,0.77,0.78,0.78,0.78,0.78,0.78,0.78,0.79,0.79,0.79,0.79,0.80,0.80,0.80,0.80,0.80,0.81,0.81,0.81,0.81,0.82,0.82,0.82,0.82,0.83,0.83,0.84,0.84,0.85,0.85,0.86,0.86,0.87,0.87,0.88,0.88,0.88,0.89,0.88,0.89,0.89,0.89,0.90,0.90,0.90,0.90,0.91,0.92,0.92,0.93,0.93,0.94,0.95,0.96,0.97,0.97,0.98,0.99,1.01,1.02,1.03,1.05
Workforce - Lower,Rent,Rent Per SqFt Market,0.85,0.85,0.85,0.85,0.85,0.65,0.64,0.64,0.65,0.64,0.64,0.64,0.65,0.63,0.65,0.65,0.66,0.65,0.65,0.65,0.67,0.65,0.66,0.65,0.68,0.73,0.73,0.73,0.73,0.68,0.68,0.68,0.68,0.70,0.70,0.71,0.71,0.74,0.74,0.74,0.75,0.75,0.75,0.75,0.76,0.75,0.76,0.76,0.77,0.76,0.76,0.76,0.77,0.76,0.76,0.76,0.76,0.76,0.77,0.77,0.77,0.78,0.78,0.78,0.79,0.79,0.79,0.79,0.79,0.79,0.79,0.79,0.79,0.80,0.80,0.81,0.80,0.81,0.81,0.81,0.82,0.82,0.82,0.82,0.82,0.83,0.83,0.84,0.83,0.84,0.85,0.86,0.86,0.86,0.87,0.87,0.87,0.88,0.89,0.89,0.89,0.89,0.89,0.90,0.90,0.90,0.90,0.90,0.91,0.92,0.92,0.93,0.93,0.94,0.95,0.96,0.97,0.98,0.98,0.99,1.00,1.01,1.03,1.04,1.05
Workforce - Lower,Occupancy,Occ Survey Units,122,122,122,122,122,283,283,283,284,284,284,339,339,339,339,341,343,343,343,343,343,343,343,344,343,1142,1140,1139,1142,2325,2323,2324,2330,3345,3349,3436,3443,5440,5449,5432,5434,5530,5584,5592,5607,6007,6116,6298,6298,6413,6527,6575,6578,6633,6485,6498,6162,6213,6218,6265,6587,6578,6594,6491,6542,6675,6555,6327,6433,6496,6525,6536,6654,6494,6793,6680,6788,6708,6701,6708,6784,6786,6769,6583,6643,6652,6779,6814,6871,7104,7051,7050,7047,7184,7173,7164,7157,7261,7243,7257,7217,7343,7216,7147,7217,7207,7231,7245,7258,7601,7712,7821,7753,7750,7758,7770,7776,7840,7833,7834,7835,7912,7922,7910,
Workforce - Lower,Occupancy,Occ Survey Properties,1,1,1,1,1,3,3,3,3,3,3,3,3,3,3,3,3,3,3,3,3,3,3,3,3,15,15,15,15,30,30,30,30,38,38,38,38,59,59,59,59,61,61,61,61,66,66,66,66,71,71,71,71,71,71,71,71,71,71,71,72,72,72,72,73,74,74,74,74,74,75,75,75,75,75,75,75,75,75,75,75,76,76,76,76,76,76,77,77,77,77,77,77,78,78,78,78,78,78,78,79,79,79,79,79,79,79,79,79,79,79,79,79,79,79,79,79,80,80,80,80,81,81,81,81
Workforce - Lower,Occupancy,Occ Survey Rate,97.60,97.60,97.60,97.60,97.60,94.97,94.97,94.97,95.30,95.30,95.30,94.69,94.69,94.69,94.69,95.25,95.81,95.81,95.81,95.81,95.81,95.81,95.81,96.09,95.81,92.10,91.94,91.85,92.10,92.08,92.00,92.04,92.28,92.51,92.62,92.76,92.60,92.69,92.84,92.55,92.59,93.00,93.91,94.05,94.30,94.76,94.98,94.84,94.84,94.94,94.98,94.95,95.07,95.04,94.96,94.89,94.71,94.61,94.51,94.25,94.23,94.35,94.58,94.75,94.87,94.84,94.85,94.70,94.46,94.28,94.31,94.26,94.33,94.53,94.52,94.51,94.33,94.75,94.63,94.73,94.83,94.87,94.90,94.71,94.48,94.77,94.55,94.70,94.55,94.47,94.58,94.55,94.51,94.60,94.47,94.35,94.26,94.07,94.14,94.01,94.02,93.46,94.01,94.26,94.02,93.89,93.78,93.65,93.82,93.60,93.49,93.97,94.50,94.47,94.56,94.71,95.00,94.98,94.90,94.91,94.92,95.00,95.11,94.97,
