Rank,Name,State,Lat,Long,Total_Visits,client_coords,num_nearby_Burlington,num_nearby_Kohl's,num_nearby_Lowe's,num_nearby_Ross_Dress_for_Less,num_nearby_The_Home_Depot,num_nearby_Walmart,num_nearby_HomeGoods,num_nearby_T.J._Maxx,num_nearby_Marshalls,tot_visits_nearby_Burlington,tot_visits_nearby_Kohl's,tot_visits_nearby_Lowe's,tot_visits_nearby_Ross_Dress_for_Less,tot_visits_nearby_The_Home_Depot,tot_visits_nearby_Walmart,tot_visits_nearby_HomeGoods,tot_visits_nearby_T.J._Maxx,tot_visits_nearby_Marshalls
1,HomeGoods,TN,36.33870566,-82.37720278,544090,"36.33870566,-82.37720278",0,1,3,1,1,3,0,1,0,,391805,2346401,490858,542085,6862766,,545687,
2,HomeGoods,TN,35.92631903,-84.04940438,501003,"35.92631903,-84.04940438",1,2,2,3,2,3,0,1,2,232446,864232,1969968,925772,2009591,5997267,,745427,1229172
3,HomeGoods,TN,35.85473329,-86.42753616,357527,"35.85473329,-86.42753616",1,1,1,1,1,5,0,1,1,207209,462298,1047632,533136,1089643,8823711,,561342,345718
4,HomeGoods,TN,36.33443225,-86.62290839,344169,"36.33443225,-86.62290839",1,1,5,2,4,5,0,1,1,183248,503988,2960794,560575,2285730,8920867,,394611,199711
5,HomeGoods,TN,36.15757025,-85.51927464,340950,"36.15757025,-85.51927464",0,1,1,1,0,2,0,1,0,,323738,1378546,357762,,4567778,,660811,
6,HomeGoods,TN,35.88302644,-83.57591044,321679,"35.88302644,-83.57591044",0,0,1,1,1,1,0,1,1,,,757014,218319,594799,5083217,,788124,482572
7,HomeGoods,TN,35.73977486,-86.9396596,320892,"35.73977486,-86.9396596",0,1,1,1,1,1,0,0,0,,305453,538683,168782,597353,1498891,,,
8,HomeGoods,TN,35.03565483,-85.15422286,315205,"35.03565483,-85.15422286",2,1,2,2,2,4,0,2,2,479432,402676,1863642,500590,1469334,7411660,,693078,723259
9,HomeGoods,TN,35.16931871,-89.7949902,310435,"35.16931871,-89.7949902",4,2,4,3,5,5,1,4,4,976749,583299,3391261,1158938,3363531,10746458,240601,1775271,1417131
10,HomeGoods,TN,36.08116861,-86.94533,266647,"36.08116861,-86.94533",1,0,1,2,1,1,0,1,1,192019,,629189,349215,734618,1577213,,327611,256613
11,HomeGoods,TN,35.7510673,-83.99065566,256948,"35.7510673,-83.99065566",0,0,1,1,1,2,0,0,0,,,867158,291799,879897,4393811,,,
12,HomeGoods,TN,36.01126971,-84.25341437,248757,"36.01126971,-84.25341437",0,0,0,1,1,2,0,1,1,,,,316047,766007,3888148,,564026,667805
13,HomeGoods,TN,35.04903869,-89.73581482,240601,"35.04903869,-89.73581482",2,1,3,2,3,3,1,2,3,555055,175574,1932073,530004,1880936,6285627,310435,973536,1142903
14,HomeGoods,TN,35.20786186,-84.84919388,226016,"35.20786186,-84.84919388",0,1,1,1,1,2,0,1,0,,404792,922139,358260,681329,4323838,,640877,
1,HomeGoods,FL,26.36580292,-80.17252744,569734,"26.36580292,-80.17252744",2,2,3,8,6,8,3,4,5,845900,908392,2285727,2758116,6029389,14260500,1048618,1627828,1721296
2,HomeGoods,FL,28.23777963,-80.72697222,522058,"28.23777963,-80.72697222",0,1,1,2,2,3,0,2,0,,434068,824054,600443,1769985,5593682,,786711,
3,HomeGoods,FL,27.79487277,-82.72993464,489856,"27.79487277,-82.72993464",2,1,3,3,5,6,2,4,3,536999,464864,2113924,789809,4739247,11657791,593384,1648909,595359
4,HomeGoods,FL,26.19937225,-81.80254251,485955,"26.19937225,-81.80254251",1,1,1,2,3,4,1,1,2,250447,383506,867257,546723,3055081,6435766,202822,474058,780216
5,HomeGoods,FL,28.01412693,-82.73205985,477152,"28.01412693,-82.73205985",3,1,5,7,4,6,0,3,3,748304,627180,3321979,1970812,3754386,10142566,,1351665,847057
6,HomeGoods,FL,30.19231757,-81.54927783,463562,"30.19231757,-81.54927783",3,2,3,5,4,7,1,3,1,802683,833075,2102125,1529876,3492378,12106231,255909,1065385,341760
7,HomeGoods,FL,29.14093156,-82.1923159,461838,"29.14093156,-82.1923159",1,1,3,2,1,3,0,1,1,333372,420439,2491908,605204,992389,6834129,,486906,394080
8,HomeGoods,FL,26.43845946,-80.0875143,455531,"26.43845946,-80.0875143",2,1,2,5,5,5,1,4,4,644635,534774,1354051,1558211,4980199,7864832,569734,1613759,1456559
9,HomeGoods,FL,26.00951958,-80.29762476,453034,"26.00951958,-80.29762476",9,3,4,17,11,11,3,7,5,4012614,1273048,2695278,6151846,12515400,22766210,1032475,3293630,1777375
10,HomeGoods,FL,26.61141935,-81.93928049,445372,"26.61141935,-81.93928049",2,2,4,3,4,5,1,3,1,725143,1050241,3031260,1091087,4470097,9493122,339711,1044030,393505
11,HomeGoods,FL,30.18752975,-85.66929318,436436,"30.18752975,-85.66929318",1,1,2,1,2,4,0,1,0,237934,286737,1608314,368986,1473849,8436315,,488801,
12,HomeGoods,FL,27.39095759,-82.45131561,432976,"27.39095759,-82.45131561",2,1,3,3,4,5,1,3,2,635888,381637,2224142,928384,3953521,8383436,315346,968010,787620
13,HomeGoods,FL,26.27045514,-80.2048016,428685,"26.27045514,-80.2048016",4,2,5,11,9,10,2,3,6,1580264,908392,3370449,3828508,9056052,18205853,734136,1325753,2027665
14,HomeGoods,FL,27.92150533,-82.31622451,413292,"27.92150533,-82.31622451",1,1,3,3,3,6,0,1,2,470061,552378,2030836,953981,2460450,10982152,,483380,936213
15,HomeGoods,FL,27.17784963,-80.23397274,412995,"27.17784963,-80.23397274",0,1,2,1,2,2,0,1,1,,391326,1074543,327486,1542510,4452758,,420282,403317
16,HomeGoods,FL,28.12517003,-82.50067145,396596,"28.12517003,-82.50067145",3,1,4,8,3,9,2,2,3,699813,404724,3081763,2220610,3099940,15109004,598855,761907,1255863
17,HomeGoods,FL,26.81035612,-80.10442322,395674,"26.81035612,-80.10442322",2,1,2,4,4,4,1,3,1,619808,282832,1027946,1035719,3411081,7022062,339550,1114647,395690
18,HomeGoods,FL,28.19575308,-82.39523618,393463,"28.19575308,-82.39523618",2,1,2,6,3,5,2,2,2,496871,404724,1516215,1466075,2634678,8975699,601988,848689,703338
19,HomeGoods,FL,27.97878626,-81.96002689,374706,"27.97878626,-81.96002689",1,1,3,2,2,5,0,1,1,658119,555994,2155406,911264,1700526,10751437,,501134,559641
20,HomeGoods,FL,28.64519247,-81.26554995,349056,"28.64519247,-81.26554995",2,3,6,11,7,5,1,5,4,830281,1474436,3846099,3262344,5745010,9569422,318395,2413918,1147828
21,HomeGoods,FL,26.1436978,-80.31846758,348545,"26.1436978,-80.31846758",5,2,3,11,9,9,1,5,5,2160856,813393,1761226,3625249,8523138,16998347,453034,2184544,1536166
22,HomeGoods,FL,25.98144866,-80.35700351,343936,"25.98144866,-80.35700351",6,1,5,13,8,10,1,4,4,2825174,512117,3537675,4684510,9091386,21663433,453034,1680457,1488782
23,HomeGoods,FL,27.00886746,-82.13459966,342255,"27.00886746,-82.13459966",1,1,2,2,3,3,0,1,1,267525,359070,995565,501116,2095959,6217772,,372532,376088
24,HomeGoods,FL,26.04303387,-80.159139,339994,"26.04303387,-80.159139",9,2,2,14,8,10,1,6,5,3166333,760931,1289397,4192182,8941228,19410159,453034,2229910,1576218
25,HomeGoods,FL,26.54326572,-81.87256439,339711,"26.54326572,-81.87256439",3,1,5,4,4,6,2,3,2,920631,581000,3686465,1320829,4470097,11426042,769775,1044030,817369
26,HomeGoods,FL,26.72503533,-80.09046643,339550,"26.72503533,-80.09046643",3,2,3,6,6,6,1,3,3,1084873,720082,1796876,2122530,6206538,10538926,395674,1201358,1518490
27,HomeGoods,FL,30.26986432,-81.39007952,338604,"30.26986432,-81.39007952",1,1,1,3,2,2,1,1,1,268309,405081,609760,1068301,1636730,3813010,255909,468333,541376
28,HomeGoods,FL,30.51274856,-84.24940791,335144,"30.51274856,-84.24940791",1,1,2,3,2,5,0,1,1,195313,300310,1618251,820709,1678400,8547819,,629904,427271
29,HomeGoods,FL,28.22413088,-81.64240978,329864,"28.22413088,-81.64240978",1,0,2,2,0,3,0,1,1,379602,,1222395,1025038,,9760329,,403661,356560
30,HomeGoods,FL,26.48350393,-81.78857966,324403,"26.48350393,-81.78857966",2,1,3,4,2,4,2,3,2,532327,581000,2096596,1108864,2494837,7181092,542533,1125884,817369
31,HomeGoods,FL,28.66604187,-81.42310081,318395,"28.66604187,-81.42310081",2,1,4,9,6,4,1,3,5,901128,538299,2203176,2402344,4571729,7510431,349056,1237723,1590750
32,HomeGoods,FL,27.84483595,-82.79276146,315668,"27.84483595,-82.79276146",3,1,4,5,6,5,2,4,4,856848,464864,2752926,1385021,5685602,9694441,767572,1648909,910434
33,HomeGoods,FL,27.2974095,-82.49483224,315346,"27.2974095,-82.49483224",2,2,2,2,2,4,1,2,2,425756,615779,1302600,615873,1981882,6193023,432976,833480,787620
34,HomeGoods,FL,28.53574365,-82.50738891,312041,"28.53574365,-82.50738891",0,1,2,2,1,3,0,0,1,,340565,1446472,812886,1075221,6065143,,,502202
35,HomeGoods,FL,30.38946502,-86.43853555,308755,"30.38946502,-86.43853555",0,0,1,2,1,3,0,0,1,,,544598,601816,530858,6640450,,,406771
36,HomeGoods,FL,25.80854892,-80.19409305,301033,"25.80854892,-80.19409305",5,0,1,8,8,7,0,5,6,2648302,,842397,3110697,10990205,16962810,,2089379,2221595
37,HomeGoods,FL,27.31814121,-80.38932411,287583,"27.31814121,-80.38932411",1,1,2,3,4,4,0,1,1,478284,391326,1114662,795099,2953097,8261067,,412044,403317
38,HomeGoods,FL,28.20429473,-82.66904311,283091,"28.20429473,-82.66904311",1,1,2,3,3,5,0,2,1,261161,399197,1361623,946486,2189536,9454835,,689809,555623
39,HomeGoods,FL,27.84340964,-82.64425415,277716,"27.84340964,-82.64425415",4,1,5,4,7,6,2,3,5,1218192,464864,3306709,1151210,6211099,10973561,805524,1315595,1242034
40,HomeGoods,FL,28.03892629,-80.6652918,257867,"28.03892629,-80.6652918",1,1,3,3,2,4,0,0,1,283060,455402,1701081,970200,1260355,7376650,,,375449
41,HomeGoods,FL,30.3181815,-81.49375477,255909,"30.3181815,-81.49375477",1,1,3,4,4,5,2,2,1,268309,405081,1947899,1313767,3301339,8998739,802166,651139,541376
42,HomeGoods,FL,30.19935294,-81.82823341,249352,"30.19935294,-81.82823341",1,2,3,2,5,5,0,1,2,244689,720218,1794084,826123,3571225,9987920,,335570,479892
43,HomeGoods,FL,28.46543125,-81.30425886,242747,"28.46543125,-81.30425886",3,2,4,12,6,6,1,4,3,1138881,781245,2385092,4139156,4645925,12025674,216774,1658993,968294
44,HomeGoods,FL,30.62694002,-81.54215145,240966,"30.62694002,-81.54215145",0,1,1,1,1,2,0,1,0,,175047,515039,207485,505402,2105647,,384661,
45,HomeGoods,FL,28.45118691,-81.49093846,225273,"28.45118691,-81.49093846",5,1,4,14,4,9,1,4,6,1445094,451703,2604854,4611935,3042018,19084995,216774,1342685,2436574
46,HomeGoods,FL,28.54890771,-81.72528837,224992,"28.54890771,-81.72528837",1,1,2,2,1,2,0,1,1,251441,363451,1581239,780847,786932,3838096,,335203,650072
47,HomeGoods,FL,28.49443206,-81.43089219,216774,"28.49443206,-81.43089219",5,0,4,15,7,7,2,2,7,1689287,,2695287,4785539,5288927,14521028,468020,625957,2683319
48,HomeGoods,FL,27.46369814,-82.63350917,207024,"27.46369814,-82.63350917",1,0,1,1,2,5,0,2,1,343628,,731929,312511,1971639,9619990,,495657,305582
49,HomeGoods,FL,28.13186982,-82.36669457,205392,"28.13186982,-82.36669457",2,1,3,7,4,6,2,2,2,496871,404724,2269326,1798711,3825975,10150456,790059,848689,703338
50,HomeGoods,FL,26.34287079,-81.80516736,202822,"26.34287079,-81.80516736",2,1,2,4,2,3,2,2,2,445935,383506,1522462,942909,2174586,5404071,810358,898454,798000
51,HomeGoods,FL,26.26183053,-80.10120799,164402,"26.26183053,-80.10120799",3,2,4,10,8,8,2,3,6,1140688,908392,2904574,3365302,8110311,14354701,998419,1325753,2027665
52,HomeGoods,FL,25.64231842,-80.33253931,111883,"25.64231842,-80.33253931",3,1,1,10,8,5,0,4,4,1212974,495150,653898,4487245,9909262,11170975,,2426283,1557773
1,HomeGoods,AL,33.42006286,-86.68573381,403453,"33.42006286,-86.68573381",2,1,3,2,3,6,1,2,0,349583,304749,2011546,578749,2263822,11009789,396697,1098862,
2,HomeGoods,AL,33.39283881,-86.8078986,396697,"33.39283881,-86.8078986",1,2,4,1,4,4,1,2,1,196630,611689,2854329,313067,2912983,7668377,403453,1098862,395458
3,HomeGoods,AL,33.18501388,-87.52761229,393842,"33.18501388,-87.52761229",0,0,2,1,1,2,0,1,0,,,1590794,383410,936829,4689729,,585935,
4,HomeGoods,AL,31.22710584,-85.43081099,368202,"31.22710584,-85.43081099",1,1,2,1,1,2,0,1,0,288849,292021,1819663,436236,569065,4386442,,710596,
5,HomeGoods,AL,30.65240475,-88.11551895,319823,"30.65240475,-88.11551895",1,1,3,2,2,4,0,1,1,205209,456335,3027232,683429,1279676,9065206,,365909,418587
6,HomeGoods,AL,33.61003818,-86.62374802,266300,"33.61003818,-86.62374802",1,1,2,2,2,4,0,1,1,152953,271885,1192640,510599,1478677,7734283,,531727,330430
7,HomeGoods,AL,34.74181903,-86.66475598,200023,"34.74181903,-86.66475598",0,2,3,2,3,5,0,2,2,,643560,2213792,687039,2050580,7736572,,1005811,845513
1,T.J. Maxx,TN,35.86071326,-83.5683857,788124,"35.86071326,-83.5683857",0,0,1,1,1,1,1,0,1,,,757014,218319,594799,5083217,321679,,482572
2,T.J. Maxx,TN,36.16725845,-86.50742595,749091,"36.16725845,-86.50742595",0,1,2,2,1,2,0,0,1,,357492,1289275,501805,577250,3323579,,,357338
3,T.J. Maxx,TN,35.92612102,-84.05038172,745427,"35.92612102,-84.05038172",1,2,2,3,2,3,1,0,2,232446,864232,1969968,925772,2009591,5997267,501003,,1229172
4,T.J. Maxx,TN,36.15764194,-85.51977024,660811,"36.15764194,-85.51977024",0,1,1,1,0,2,1,0,0,,323738,1378546,357762,,4567778,340950,,
5,T.J. Maxx,TN,35.20680554,-84.85005376,640877,"35.20680554,-84.85005376",0,1,1,1,1,2,1,0,0,,404792,922139,358260,681329,4323838,226016,,
6,T.J. Maxx,TN,35.68535549,-88.85815346,570941,"35.68535549,-88.85815346",0,1,2,1,1,2,0,0,1,,409556,1664939,414290,536823,4806689,,,429958
7,T.J. Maxx,TN,36.00897711,-84.25540392,564026,"36.00897711,-84.25540392",0,0,0,1,1,2,1,0,1,,,,316047,766007,3888148,248757,,667805
8,T.J. Maxx,TN,35.84369359,-86.42686426,561342,"35.84369359,-86.42686426",1,1,1,1,1,5,1,0,1,207209,462298,1047632,533136,1089643,8823711,357527,,345718
9,T.J. Maxx,TN,35.94843845,-86.82378745,556232,"35.94843845,-86.82378745",0,1,2,1,2,2,0,0,1,,386171,1520319,219721,1458332,3488690,,,294725
10,T.J. Maxx,TN,36.34252832,-82.37427925,545687,"36.34252832,-82.37427925",0,1,3,1,1,3,1,0,0,,391805,2346401,490858,542085,6862766,544090,,
11,T.J. Maxx,TN,36.58458236,-87.29943281,534449,"36.58458236,-87.29943281",0,1,2,1,1,3,0,0,1,,396081,1818423,123044,679421,7170553,,,380377
12,T.J. Maxx,TN,35.10794912,-89.89152508,500644,"35.10794912,-89.89152508",4,2,4,3,5,5,2,3,4,976749,583299,3391261,1158938,3531488,10746458,551036,1274627,1417131
13,T.J. Maxx,TN,35.13082689,-85.24237553,500491,"35.13082689,-85.24237553",2,2,2,2,2,5,1,1,2,479432,652227,1863642,500590,1469334,8588723,315205,192587,723259
14,T.J. Maxx,TN,35.19806565,-89.79795181,493384,"35.19806565,-89.79795181",3,1,3,2,3,4,1,3,3,758065,407725,2924792,819026,2290447,8415263,310435,1281887,1076952
15,T.J. Maxx,TN,35.98682337,-86.55388837,485393,"35.98682337,-86.55388837",0,1,2,1,2,4,0,0,0,,365835,1439243,405112,1314485,6509909,,,
16,T.J. Maxx,TN,35.09294198,-89.80711403,472892,"35.09294198,-89.80711403",4,2,5,4,5,5,2,3,4,976749,583299,4099769,1349030,3363531,10756206,551036,1302379,1417131
17,T.J. Maxx,TN,35.59649977,-87.05967781,420748,"35.59649977,-87.05967781",0,0,1,1,0,1,0,0,0,,,959375,228225,,2181544,,,
18,T.J. Maxx,TN,36.54353673,-82.5164586,411169,"36.54353673,-82.5164586",1,1,2,1,1,2,0,0,0,193766,371986,1596101,371057,458588,4525999,,,
19,T.J. Maxx,TN,36.2929558,-86.7005579,394611,"36.2929558,-86.7005579",1,2,4,2,4,4,1,0,2,183248,861480,2132640,560575,2285730,6924576,344169,,557049
20,T.J. Maxx,TN,36.07580319,-86.92191319,327611,"36.07580319,-86.92191319",2,0,1,4,2,2,1,0,1,711637,,629189,924565,1659596,3010055,266647,,256613
21,T.J. Maxx,TN,35.15045294,-89.919667,308351,"35.15045294,-89.919667",4,1,4,3,5,5,1,3,3,976749,407725,3391261,1158938,3531488,10746458,310435,1466920,991228
22,T.J. Maxx,TN,35.03692797,-85.15375197,192587,"35.03692797,-85.15375197",2,1,2,2,2,4,1,1,2,479432,402676,1863642,500590,1469334,7411660,315205,500491,723259
1,T.J. Maxx,FL,25.65297847,-80.41389258,1134979,"25.65297847,-80.41389258",4,2,1,10,7,4,1,3,3,1814934,851945,653898,4334927,8531770,8197810,111883,1291304,1382058
2,T.J. Maxx,FL,29.6620785,-82.42281801,827305,"29.6620785,-82.42281801",1,1,2,2,2,3,0,0,1,260325,263347,1363458,520098,1293634,5894647,,,527287
3,T.J. Maxx,FL,30.49295275,-87.22688285,817421,"30.49295275,-87.22688285",1,1,3,3,4,5,0,1,1,282514,419942,2195738,611523,2307028,10529366,,505569,277451
4,T.J. Maxx,FL,26.58756608,-80.14509673,802937,"26.58756608,-80.14509673",3,2,3,8,6,7,0,3,3,1152019,972024,1945726,2718864,6582366,12109534,,1222512,1483593
5,T.J. Maxx,FL,28.55369117,-81.19964538,768982,"28.55369117,-81.19964538",2,3,3,7,4,4,2,2,3,830281,1248067,2256113,2610499,3341482,9032201,591803,706639,726665
6,T.J. Maxx,FL,26.15151895,-80.32182243,697556,"26.15151895,-80.32182243",4,2,3,9,9,8,2,2,4,1864293,813393,1761226,3247290,8523138,15118024,801579,749340,1226825
7,T.J. Maxx,FL,28.75430353,-81.34597083,673708,"28.75430353,-81.34597083",1,2,4,8,4,4,2,3,3,604898,866346,2316999,2111043,3344149,7158778,667451,971228,966756
8,T.J. Maxx,FL,27.107679,-82.43585655,659108,"27.107679,-82.43585655",2,1,2,0,1,2,0,0,1,409393,234142,1314260,,659925,3312328,,,127309
9,T.J. Maxx,FL,30.50322099,-84.24983703,629904,"30.50322099,-84.24983703",1,1,2,3,2,5,1,0,1,195313,300310,1618251,820709,1678400,8547819,335144,,427271
10,T.J. Maxx,FL,28.01355971,-82.73333397,625093,"28.01355971,-82.73333397",3,1,5,7,4,6,1,2,3,748304,627180,3321979,1970812,3754386,10142566,477152,726572,847057
11,T.J. Maxx,FL,25.74593131,-80.33410972,596128,"25.74593131,-80.33410972",6,2,2,12,11,6,2,5,7,3232345,851945,1496295,5039254,14221303,15477546,412916,2772964,2888650
12,T.J. Maxx,FL,26.31583737,-80.15573678,592478,"26.31583737,-80.15573678",2,2,3,9,8,9,4,2,6,845900,908392,2285727,3039771,8023793,16287436,1618352,733275,2027665
13,T.J. Maxx,FL,25.86853738,-80.29271011,584261,"25.86853738,-80.29271011",9,2,2,15,12,11,3,6,6,4313983,868912,1571774,5940120,15196716,25197075,1098003,2280133,2063242
14,T.J. Maxx,FL,27.84696052,-82.64561699,528605,"27.84696052,-82.64561699",4,1,5,4,7,6,3,2,5,1218192,464864,3306709,1151210,6211099,10973561,1083240,786990,1242034
15,T.J. Maxx,FL,30.60089884,-87.12569893,505569,"30.60089884,-87.12569893",1,1,2,2,1,2,0,1,1,282514,419942,1562453,493011,571208,5159362,,817421,277451
16,T.J. Maxx,FL,30.42708329,-86.64275731,502766,"30.42708329,-86.64275731",0,1,1,1,1,1,0,0,0,,333095,813075,462316,540177,2418750,,,
17,T.J. Maxx,FL,28.09361164,-81.97052271,501134,"28.09361164,-81.97052271",1,1,3,2,2,3,1,0,1,658119,555994,2257224,911264,1700526,7093407,374706,,559641
18,T.J. Maxx,FL,30.18750453,-85.66889004,488801,"30.18750453,-85.66889004",1,1,2,1,2,4,1,0,0,237934,286737,1608314,368986,1473849,8436315,436436,,
19,T.J. Maxx,FL,25.48055461,-80.44006876,487096,"25.48055461,-80.44006876",1,1,1,3,2,3,0,0,1,384789,321619,656538,1327959,2356279,5652339,,,414816
20,T.J. Maxx,FL,29.1655025,-82.17087219,486906,"29.1655025,-82.17087219",1,1,3,2,1,4,1,0,1,333372,420439,2491908,605204,992389,8517883,461838,,394080
21,T.J. Maxx,FL,27.94218865,-82.32392391,483380,"27.94218865,-82.32392391",1,1,3,3,3,6,1,0,1,470061,552378,2030836,953981,2460450,10982152,413292,,482310
22,T.J. Maxx,FL,26.20787927,-81.76659535,474058,"26.20787927,-81.76659535",1,1,1,2,3,4,2,0,2,250447,383506,867257,546723,3055081,6435766,688777,,780216
23,T.J. Maxx,FL,26.72314373,-80.09031477,471527,"26.72314373,-80.09031477",3,2,3,7,6,6,2,3,3,1084873,720082,1796876,2499131,6206538,10538926,735224,1532768,1518490
24,T.J. Maxx,FL,30.31812252,-81.49467181,468333,"30.31812252,-81.49467181",1,1,3,4,4,5,3,1,1,268309,405081,1947899,1313767,3301339,8998739,1058075,182806,541376
25,T.J. Maxx,FL,26.54322828,-81.87297893,462091,"26.54322828,-81.87297893",3,1,5,4,4,6,3,2,2,920631,581000,3686465,1320829,4470097,11426042,1109486,581939,817369
26,T.J. Maxx,FL,28.00274354,-81.71699889,452901,"28.00274354,-81.71699889",0,1,3,0,2,5,0,0,0,,289915,1863379,,1165636,10366938,,,
27,T.J. Maxx,FL,27.83769786,-82.78558611,447977,"27.83769786,-82.78558611",3,1,4,5,6,6,3,3,4,856848,464864,2752926,1385021,5685602,11657791,1083240,1200932,910434
28,T.J. Maxx,FL,28.34259836,-81.43024952,440521,"28.34259836,-81.43024952",3,1,2,13,5,8,1,2,4,840615,451703,1082197,4175580,3602880,20611510,225273,621792,1444467
29,T.J. Maxx,FL,25.94449895,-80.16804489,437395,"25.94449895,-80.16804489",9,2,2,15,7,9,3,5,6,3717991,860866,1399927,5135893,8894725,19866893,1094061,1905806,2095600
30,T.J. Maxx,FL,28.35488355,-80.69962881,436561,"28.35488355,-80.69962881",0,1,1,2,1,3,1,1,0,,434068,824054,600443,963236,5673420,522058,350150,
31,T.J. Maxx,FL,28.85592895,-82.38808677,436022,"28.85592895,-82.38808677",0,0,1,0,0,2,0,0,0,,,836965,,,3785954,,,
32,T.J. Maxx,FL,27.9343907,-82.5041293,433619,"27.9343907,-82.5041293",4,0,3,3,4,6,0,1,2,1058415,,2119331,1085375,3516343,9947021,,335513,884125
33,T.J. Maxx,FL,28.98319412,-81.2970863,433588,"28.98319412,-81.2970863",0,1,3,2,1,2,0,0,0,,437769,2037373,843913,815805,4074925,,,
34,T.J. Maxx,FL,26.05054556,-80.1584286,432420,"26.05054556,-80.1584286",9,2,3,15,9,10,2,5,6,3166333,760931,1894589,4550097,9886969,19410159,793028,1797490,1799321
35,T.J. Maxx,FL,28.09657182,-82.50415771,426394,"28.09657182,-82.50415771",4,1,5,8,5,10,3,1,2,901239,404724,3676406,2354627,4899489,17087944,995451,335513,820566
36,T.J. Maxx,FL,27.3912488,-82.45129698,425778,"27.3912488,-82.45129698",2,1,3,3,4,5,2,2,2,635888,381637,2224142,928384,3953521,8383436,748322,542232,787620
37,T.J. Maxx,FL,26.4087816,-81.80781382,424396,"26.4087816,-81.80781382",1,0,2,2,2,3,2,0,2,195488,,1398600,396186,2013657,5006633,527225,,798000
38,T.J. Maxx,FL,28.24525552,-82.3519224,422295,"28.24525552,-82.3519224",1,0,2,4,2,4,2,0,2,204168,,1516215,955846,1536300,8017906,598855,,703338
39,T.J. Maxx,FL,27.17634489,-80.23343587,420282,"27.17634489,-80.23343587",0,1,2,1,2,2,1,0,1,,391326,1074543,327486,1542510,4452758,412995,,403317
40,T.J. Maxx,FL,26.67048683,-80.20063747,420064,"26.67048683,-80.20063747",2,1,2,6,5,6,1,2,2,836341,437250,1252510,2287839,5347757,10477567,339550,1274464,1122800
41,T.J. Maxx,FL,26.00591221,-80.29370672,417530,"26.00591221,-80.29370672",8,3,4,17,12,11,4,5,5,3241687,1273048,2695278,6151846,13836862,22766210,1485509,2178544,1851952
42,T.J. Maxx,FL,30.17392564,-81.62531711,414246,"30.17392564,-81.62531711",3,2,3,4,4,9,1,2,2,779063,833361,2025418,1286366,2686163,15539425,463562,518376,553069
43,T.J. Maxx,FL,27.26705026,-80.42612145,412044,"27.26705026,-80.42612145",1,1,2,2,3,3,1,0,0,478284,391326,1114662,467613,2289659,6165629,287583,,
44,T.J. Maxx,FL,27.30044557,-82.51561173,407702,"27.30044557,-82.51561173",2,2,2,2,2,3,2,2,2,425756,615779,1302600,615873,1981882,4763104,748322,560308,787620
45,T.J. Maxx,FL,28.65402248,-81.23824259,407213,"28.65402248,-81.23824259",2,2,4,10,5,4,1,3,4,830281,936137,2593605,2841548,3944013,8236089,349056,1742116,1147828
46,T.J. Maxx,FL,26.09446672,-80.24687382,404350,"26.09446672,-80.24687382",9,3,5,17,11,11,3,5,5,3333142,1273048,3050623,5563781,11114887,21033286,1141573,2047027,1632532
47,T.J. Maxx,FL,28.3437306,-81.61100861,403661,"28.3437306,-81.61100861",2,0,1,4,1,5,1,1,3,607720,,571068,1749013,608231,14470672,329864,276207,955385
48,T.J. Maxx,FL,24.56895824,-81.76467933,398704,"24.56895824,-81.76467933",0,0,0,1,1,0,0,0,0,,,,443499,640588,,,,
49,T.J. Maxx,FL,29.21491333,-81.09462894,394250,"29.21491333,-81.09462894",1,1,2,3,2,3,0,0,2,438345,380662,1671354,868497,1258859,6577650,,,1019061
50,T.J. Maxx,FL,28.14520774,-82.74282158,393258,"28.14520774,-82.74282158",0,2,3,4,2,5,2,2,2,,1026377,1958912,1145167,1853713,9211996,760243,921644,973011
51,T.J. Maxx,FL,26.36939616,-80.18476253,388285,"26.36939616,-80.18476253",2,2,3,8,7,8,4,3,5,845900,908392,2285727,2758116,7314006,14260500,1618352,1239543,1721296
52,T.J. Maxx,FL,30.62725796,-81.54318296,384661,"30.62725796,-81.54318296",0,1,1,1,1,2,1,0,0,,175047,515039,207485,505402,2105647,240966,,
53,T.J. Maxx,FL,27.03686694,-82.21180891,372532,"27.03686694,-82.21180891",1,1,2,2,3,3,1,0,1,267525,359070,995565,501116,2095959,5903960,342255,,376088
54,T.J. Maxx,FL,27.53392359,-82.5001003,361127,"27.53392359,-82.5001003",1,0,2,1,2,6,1,1,1,343628,,1456303,312511,1971639,11049909,207024,134530,305582
55,T.J. Maxx,FL,25.93157044,-80.13307806,358812,"25.93157044,-80.13307806",7,1,1,11,5,7,2,3,5,2534837,348749,670550,3773112,6951102,14464251,641027,982598,1811852
56,T.J. Maxx,FL,25.84220634,-80.36722567,358548,"25.84220634,-80.36722567",6,2,2,10,9,6,1,3,6,3465029,868912,1571774,4628260,11960029,15980804,343936,1538138,2201646
57,T.J. Maxx,FL,25.77152352,-80.3586794,357749,"25.77152352,-80.3586794",6,2,2,12,12,6,1,5,5,3232345,851945,1496295,5299263,15184310,15477546,111883,3011343,2128803
58,T.J. Maxx,FL,28.23810502,-80.72728213,350150,"28.23810502,-80.72728213",0,1,1,2,2,3,1,1,0,,434068,824054,600443,1769985,5593682,522058,436561,
59,T.J. Maxx,FL,28.46601142,-81.45315319,345585,"28.46601142,-81.45315319",6,1,5,17,4,8,3,3,7,1993184,451703,3364852,5833495,3042018,17565339,684794,997100,2673087
60,T.J. Maxx,FL,26.24607539,-80.25473906,344990,"26.24607539,-80.25473906",6,3,6,12,9,10,4,3,8,2710193,1320574,3975641,4260261,8879499,18751631,1511366,1678319,2764583
61,T.J. Maxx,FL,26.62472624,-81.94223871,342542,"26.62472624,-81.94223871",2,2,4,3,4,5,2,2,1,725143,1050241,3031260,1091087,4470097,9493122,785083,701488,393505
62,T.J. Maxx,FL,27.78777098,-82.72691369,339013,"27.78777098,-82.72691369",2,1,3,3,5,5,3,2,3,536999,464864,2113924,789809,4739247,9779342,1083240,976582,595359
63,T.J. Maxx,FL,25.64533932,-80.33584156,337427,"25.64533932,-80.33584156",3,2,1,10,9,5,1,3,4,1212974,851945,653898,4487245,11563650,11170975,111883,2088856,1557773
64,T.J. Maxx,FL,30.19218922,-81.74298135,335570,"30.19218922,-81.74298135",2,2,5,3,5,8,1,2,3,552741,720218,3278126,922476,3571225,14794459,249352,597052,821652
65,T.J. Maxx,FL,27.99824863,-82.56452435,335513,"27.99824863,-82.56452435",4,1,4,7,5,10,1,2,3,1058415,404724,2713974,2126710,4614721,16286589,396596,860013,1301513
66,T.J. Maxx,FL,28.53867377,-81.73534444,335203,"28.53867377,-81.73534444",1,1,2,2,1,2,1,0,1,251441,363451,1581239,780847,786932,3838096,224992,,650072
67,T.J. Maxx,FL,26.93601626,-80.09159423,333353,"26.93601626,-80.09159423",1,1,1,2,2,2,1,1,2,248532,282832,544366,390065,1819379,3568138,395674,309767,854361
68,T.J. Maxx,FL,27.93010714,-82.7891115,333314,"27.93010714,-82.7891115",3,2,4,5,5,5,3,2,4,856848,1092044,2698369,1340560,4581270,10664343,1282676,1073070,1126073
69,T.J. Maxx,FL,26.53119923,-80.08904205,330921,"26.53119923,-80.08904205",1,1,1,6,5,6,1,2,3,315678,534774,693216,1960858,5368334,9255984,455531,1105012,995849
70,T.J. Maxx,FL,29.47775566,-81.2153126,330474,"29.47775566,-81.2153126",0,1,1,1,1,1,0,0,0,,310421,670774,346203,720426,2276361,,,
71,T.J. Maxx,FL,26.00974618,-80.35720031,320118,"26.00974618,-80.35720031",4,2,4,15,9,9,3,2,4,1556598,924299,2695278,5366953,9515441,18592251,1145515,821880,1414205
72,T.J. Maxx,FL,27.6385425,-80.38230785,318362,"27.6385425,-80.38230785",0,0,1,1,1,1,0,0,1,,,833827,305949,1017508,1983272,,,702859
73,T.J. Maxx,FL,28.81919966,-81.67658074,317349,"28.81919966,-81.67658074",0,1,2,1,1,1,0,0,0,,393412,1339641,341085,544541,2341079,,,
74,T.J. Maxx,FL,26.8431894,-80.07067753,309767,"26.8431894,-80.07067753",2,1,2,4,3,3,2,2,2,619808,282832,1027946,1035719,2612070,4919185,735224,804880,854361
75,T.J. Maxx,FL,28.93295269,-81.93829386,308812,"28.93295269,-81.93829386",0,1,2,1,1,3,0,0,1,,449668,1541401,284386,1002219,5601104,,,466065
76,T.J. Maxx,FL,26.44302204,-80.07223489,302075,"26.44302204,-80.07223489",2,1,1,5,5,4,2,2,3,644635,534774,693216,1558211,4980199,6203858,1025265,719206,1060247
77,T.J. Maxx,FL,28.6278281,-81.31945704,299426,"28.6278281,-81.31945704",2,3,6,13,7,7,2,5,5,830281,1474436,3846099,3885485,5745010,13426575,667451,2394864,1506340
78,T.J. Maxx,FL,28.23348648,-82.73085927,296551,"28.23348648,-82.73085927",1,1,2,2,3,5,1,1,1,261161,399197,1361623,694641,2189536,9454835,283091,393258,555623
79,T.J. Maxx,FL,28.51589552,-81.37907899,280372,"28.51589552,-81.37907899",3,2,4,16,7,8,3,2,5,1209728,778752,2432946,4744400,5288927,16840973,684794,645011,1676592
80,T.J. Maxx,FL,28.34613124,-81.482625,276207,"28.34613124,-81.482625",3,1,2,13,4,6,1,3,3,840615,451703,1082197,4369768,2724133,17409438,225273,1189767,1158753
81,T.J. Maxx,FL,28.26414526,-82.18649301,271995,"28.26414526,-82.18649301",0,0,1,1,1,3,0,0,0,,,720024,202714,726035,4750727,,,
82,T.J. Maxx,FL,28.65683065,-81.42086953,264589,"28.65683065,-81.42086953",2,1,4,9,7,4,2,2,5,901128,538299,2203176,2402344,5419181,7510431,667451,973134,1590750
83,T.J. Maxx,FL,28.39139541,-81.24781724,264054,"28.39139541,-81.24781724",0,1,2,3,2,3,1,0,1,,311930,1203358,1221324,1699555,6103124,242747,,339297
84,T.J. Maxx,FL,26.60843087,-81.81345361,239397,"26.60843087,-81.81345361",3,1,3,4,3,5,3,2,2,920631,581000,2378937,1320829,3326129,10636735,1109486,804633,817369
85,T.J. Maxx,FL,30.26072448,-81.6244509,182806,"30.26072448,-81.6244509",3,2,5,4,5,10,2,3,2,821050,833075,3414999,1276108,4087501,18285286,719471,1218149,610343
86,T.J. Maxx,FL,26.09717542,-80.12949882,179403,"26.09717542,-80.12949882",7,2,3,13,8,8,1,2,5,2548567,760931,1755272,3848944,8122605,16401853,339994,836770,1499659
87,T.J. Maxx,FL,27.43332377,-82.57887006,134530,"27.43332377,-82.57887006",1,1,2,2,3,6,2,3,2,343628,381637,1456303,691065,2829717,11049909,640000,1194607,742291
88,T.J. Maxx,FL,25.88796775,-80.16249003,112783,"25.88796775,-80.16249003",6,0,2,10,7,8,1,3,5,2856464,,1571774,3811362,9823263,17656204,301033,1380468,2045880
1,T.J. Maxx,AL,34.82570805,-87.62562727,757204,"34.82570805,-87.62562727",0,1,2,1,1,3,0,0,0,,295230,1784543,295944,537133,6527483,,,
2,T.J. Maxx,AL,31.2460136,-85.424775,710596,"31.2460136,-85.424775",1,1,2,1,1,2,1,0,0,288849,292021,1819663,436236,569065,4386442,368202,,
3,T.J. Maxx,AL,33.39335053,-86.80787109,676723,"33.39335053,-86.80787109",1,2,4,1,4,4,2,1,1,196630,611689,2854329,313067,2912983,7668377,800150,422139,395458
4,T.J. Maxx,AL,32.61772288,-85.40596121,672003,"32.61772288,-85.40596121",0,1,1,1,1,2,0,0,0,,261396,830233,325275,983233,3951912,,,
5,T.J. Maxx,AL,34.01266801,-85.98970988,595703,"34.01266801,-85.98970988",0,0,1,1,0,2,0,0,0,,,1097125,257489,,4379383,,,
6,T.J. Maxx,AL,33.18497378,-87.52800996,585935,"33.18497378,-87.52800996",0,0,2,1,1,2,1,0,0,,,1590794,383410,936829,4689729,393842,,
7,T.J. Maxx,AL,34.27934442,-86.20673902,550241,"34.27934442,-86.20673902",0,0,1,1,0,2,0,0,0,,,926720,280078,,4336595,,,
8,T.J. Maxx,AL,32.45711144,-86.3968484,548695,"32.45711144,-86.3968484",0,1,1,2,1,3,0,0,0,,273578,791576,579200,643596,6459207,,,
9,T.J. Maxx,AL,33.60483555,-86.63828671,531727,"33.60483555,-86.63828671",1,1,3,3,2,4,1,0,1,152953,271885,2198553,900513,1478677,7734283,266300,,330430
10,T.J. Maxx,AL,33.60837815,-85.78320548,531480,"33.60837815,-85.78320548",0,1,2,1,1,2,0,0,0,,259798,1346433,341897,557123,4430057,,,
11,T.J. Maxx,AL,33.22367944,-86.80391794,524758,"33.22367944,-86.80391794",0,1,2,1,1,4,0,0,1,,306940,1467211,351071,723224,7007008,,,395458
12,T.J. Maxx,AL,34.15084311,-86.83897821,522109,"34.15084311,-86.83897821",0,0,1,1,0,2,0,0,0,,,1016884,300495,,4530854,,,
13,T.J. Maxx,AL,34.68981044,-86.57808509,520098,"34.68981044,-86.57808509",0,1,3,1,2,6,1,0,1,,245017,1893875,397660,1355459,9152965,200023,,579489
14,T.J. Maxx,AL,32.34508806,-86.22138895,510554,"32.34508806,-86.22138895",1,1,1,2,2,4,0,0,1,257538,305495,648951,659217,1304714,7071191,,,459410
15,T.J. Maxx,AL,33.64939863,-86.823636,489876,"33.64939863,-86.823636",1,0,1,1,1,3,0,0,0,152953,,1005913,389914,628537,6195297,,,
16,T.J. Maxx,AL,34.75703117,-86.73690152,485713,"34.75703117,-86.73690152",0,1,2,2,2,5,1,0,1,,398543,1628317,687039,1501768,7736572,200023,,266024
17,T.J. Maxx,AL,30.65283447,-87.90662753,471157,"30.65283447,-87.90662753",0,1,1,1,1,2,0,0,0,,181518,931114,267816,568886,2977647,,,
18,T.J. Maxx,AL,31.3179396,-85.82869189,469954,"31.3179396,-85.82869189",0,0,1,0,0,1,0,0,0,,,945713,,,2509890,,,
19,T.J. Maxx,AL,30.37584144,-87.67847689,458653,"30.37584144,-87.67847689",0,0,1,1,1,2,0,0,1,,,756522,312637,566624,4628218,,,560818
20,T.J. Maxx,AL,33.84977072,-87.26907566,456588,"33.84977072,-87.26907566",0,0,0,0,1,1,0,0,0,,,,,939987,2507436,,,
21,T.J. Maxx,AL,33.4218513,-86.69223753,422139,"33.4218513,-86.69223753",2,1,3,2,3,6,2,1,0,349583,304749,2011546,578749,2263822,11009789,800150,676723,
22,T.J. Maxx,AL,30.67742241,-88.14683993,365909,"30.67742241,-88.14683993",1,1,3,2,2,6,1,0,1,205209,456335,3027232,683429,1279676,13767155,319823,,418587
23,T.J. Maxx,AL,31.77784479,-85.9452729,347167,"31.77784479,-85.9452729",0,0,1,0,0,1,0,0,0,,,539050,,,2201995,,,
24,T.J. Maxx,AL,33.33548414,-86.99132475,314216,"33.33548414,-86.99132475",0,1,1,1,0,3,0,0,1,,306940,842783,373667,,6100287,,,395458
25,T.J. Maxx,AL,33.17396136,-86.28282353,296829,"33.17396136,-86.28282353",0,0,0,0,1,1,0,0,0,,,,,586852,2060224,,,
1,Marshalls,TN,35.90036903,-84.16504292,667805,"35.90036903,-84.16504292",1,2,1,2,3,4,2,2,0,232446,864232,1025883,576250,2580464,7929886,749760,1309453,
2,Marshalls,TN,36.59428253,-82.26120263,603255,"36.59428253,-82.26120263",0,0,1,0,0,1,0,0,0,,,589877,,,1700211,,,
3,Marshalls,TN,36.00560161,-84.02129132,561367,"36.00560161,-84.02129132",1,2,3,3,3,4,1,1,1,232446,827758,2788051,895948,2855771,8706538,501003,745427,241529
4,Marshalls,TN,36.06464859,-87.38214268,498539,"36.06464859,-87.38214268",0,0,1,1,0,1,0,0,0,,,1074574,241008,,2503461,,,
5,Marshalls,TN,35.7947587,-83.55793115,482572,"35.7947587,-83.55793115",0,0,1,1,1,1,1,1,0,,,757014,218319,594799,5083217,321679,788124,
6,Marshalls,TN,35.66831885,-88.86081176,429958,"35.66831885,-88.86081176",0,1,2,1,1,2,0,1,0,,409556,1664939,414290,536823,4806689,,570941,
7,Marshalls,TN,35.06692717,-89.75868571,425903,"35.06692717,-89.75868571",3,2,4,3,4,5,2,3,2,767863,583299,2997832,942798,2676387,10756206,551036,1466920,717000
8,Marshalls,TN,35.03060566,-85.1603834,404148,"35.03060566,-85.1603834",2,1,2,2,2,4,1,2,1,479432,402676,1863642,500590,1469334,7411660,315205,693078,319111
9,Marshalls,TN,36.50635176,-87.27211958,380377,"36.50635176,-87.27211958",0,1,2,1,1,3,0,1,0,,396081,1818423,123044,679421,7170553,,534449,
10,Marshalls,TN,35.1717264,-89.79537508,376821,"35.1717264,-89.79537508",4,2,4,3,4,5,2,4,3,976749,583299,3391261,1158938,2840113,10746458,551036,1775271,1040310
11,Marshalls,TN,36.18078371,-86.63873721,357338,"36.18078371,-86.63873721",2,1,5,3,6,7,0,2,1,702866,357492,2828868,857434,3925310,11288833,,1143702,199711
12,Marshalls,TN,36.058481,-89.38297864,346149,"36.058481,-89.38297864",0,0,1,0,0,1,0,0,0,,,816654,,,2524033,,,
13,Marshalls,TN,35.85514928,-86.42752802,345718,"35.85514928,-86.42752802",1,1,1,1,1,5,1,1,0,207209,462298,1047632,533136,1089643,8823711,357527,561342,
14,Marshalls,TN,35.05252409,-89.80833985,340179,"35.05252409,-89.80833985",2,2,4,4,3,4,2,3,2,555055,583299,3034010,1349030,1880936,8412312,551036,1281887,802724
15,Marshalls,TN,35.15531384,-85.2457901,319111,"35.15531384,-85.2457901",2,1,2,2,2,3,1,2,1,479432,249551,1863642,500590,1469334,5172090,315205,693078,404148
16,Marshalls,TN,35.9487633,-86.8177021,294725,"35.9487633,-86.8177021",0,1,2,1,2,2,0,1,0,,386171,1520319,219721,1458332,3488690,,556232,
17,Marshalls,TN,35.20774682,-89.89610965,274228,"35.20774682,-89.89610965",3,1,3,2,4,4,1,4,1,758065,407725,2924792,819026,2981822,8415263,310435,1775271,376821
18,Marshalls,TN,36.13668573,-86.89025267,256613,"36.13668573,-86.89025267",2,0,1,3,2,3,1,1,0,711637,,629189,704844,1659596,4511976,266647,327611,
19,Marshalls,TN,36.17549394,-82.79590644,247037,"36.17549394,-82.79590644",0,0,1,1,0,1,0,0,0,,,902344,204352,,2404240,,,
20,Marshalls,TN,36.03737298,-83.8873844,241529,"36.03737298,-83.8873844",0,1,3,2,3,4,0,0,1,,381871,2395160,635745,2131403,8407785,,,561367
21,Marshalls,TN,36.32191681,-86.6014702,199711,"36.32191681,-86.6014702",1,2,4,2,4,4,1,1,1,183248,861480,2508732,560575,2285730,7283578,344169,394611,357338
1,Marshalls,FL,26.6834479,-80.22362638,819819,"26.6834479,-80.22362638",2,1,2,6,5,5,1,3,1,836341,437250,1252510,2287839,5347757,8924990,339550,1694528,302981
2,Marshalls,FL,29.11130473,-81.03616413,754601,"29.11130473,-81.03616413",1,1,1,2,3,3,0,1,0,438345,380662,790418,656215,2047548,6150724,,394250,
3,Marshalls,FL,27.63733172,-80.44914495,702859,"27.63733172,-80.44914495",0,0,1,1,1,1,0,1,0,,,833827,305949,1017508,1983272,,318362,
4,Marshalls,FL,28.52103765,-81.58389624,650072,"28.52103765,-81.58389624",2,1,3,7,3,5,3,2,2,604479,363451,2304478,2404356,2310503,11539526,667039,680788,627749
5,Marshalls,FL,25.86463408,-80.31606456,622791,"25.86463408,-80.31606456",8,2,2,14,12,10,2,6,6,4080449,868912,1571774,5635896,15615423,22880717,644969,2426999,2003193
6,Marshalls,FL,29.86862798,-81.32534911,599968,"29.86862798,-81.32534911",0,0,1,1,1,1,0,0,0,,,638069,302480,752213,1859166,,,
7,Marshalls,FL,25.74786693,-80.38838071,562742,"25.74786693,-80.38838071",6,2,2,10,11,5,1,5,5,3232345,851945,1496295,4422063,14221303,12990170,111883,2784831,1901570
8,Marshalls,FL,28.34226274,-81.41032988,559928,"28.34226274,-81.41032988",3,1,2,13,5,7,1,3,3,840615,451703,1082197,4175580,3602880,15649989,225273,1062313,884539
9,Marshalls,FL,27.99839165,-81.96058114,559641,"27.99839165,-81.96058114",1,1,4,2,2,5,1,1,0,658119,555994,2801193,911264,1700526,11281375,374706,501134,
10,Marshalls,FL,28.20242974,-82.66406799,555623,"28.20242974,-82.66406799",1,1,2,3,3,5,1,2,0,261161,399197,1361623,946486,2189536,9454835,283091,689809,
11,Marshalls,FL,28.02853219,-82.50300763,552525,"28.02853219,-82.50300763",4,1,5,7,5,9,1,3,1,1058415,404724,3262730,2175515,4614721,14405435,396596,1195526,331600
12,Marshalls,FL,26.14945018,-80.32563391,548214,"26.14945018,-80.32563391",5,2,3,9,8,9,2,4,3,2160856,813393,1761226,3247290,7736046,16998347,801579,1767014,678611
13,Marshalls,FL,30.27075293,-81.39014639,541376,"30.27075293,-81.39014639",1,1,1,3,2,2,2,1,0,268309,405081,609760,1068301,1636730,3813010,594513,468333,
14,Marshalls,FL,29.62730729,-82.38218874,527287,"29.62730729,-82.38218874",1,1,2,2,2,3,0,1,0,260325,263347,1363458,520098,1293634,5894647,,827305,
15,Marshalls,FL,28.53635626,-82.50622751,502202,"28.53635626,-82.50622751",0,1,2,2,1,3,1,0,0,,340565,1446472,812886,1075221,6065143,312041,,
16,Marshalls,FL,25.6861927,-80.42254009,483807,"25.6861927,-80.42254009",4,2,1,10,8,5,1,4,3,1814934,851945,653898,4334927,10039463,11170975,111883,2426283,1073966
17,Marshalls,FL,27.94261139,-82.32225189,482310,"27.94261139,-82.32225189",1,1,3,3,3,6,1,1,0,470061,552378,2030836,953981,2460450,10982152,413292,483380,
18,Marshalls,FL,25.93155015,-80.12302813,481957,"25.93155015,-80.12302813",7,1,1,10,4,6,2,4,4,2534837,348749,670550,3388480,5585288,11976875,641027,1341410,1329895
19,Marshalls,FL,28.60393079,-81.36809838,473033,"28.60393079,-81.36809838",2,2,5,13,7,8,3,4,5,901128,1005121,3239823,3579016,5486890,15354849,884225,1251600,1510201
20,Marshalls,FL,28.93027812,-82.01828307,466065,"28.93027812,-82.01828307",0,1,2,1,1,3,0,1,0,,449668,1541401,284386,1002219,5601104,,308812,
21,Marshalls,FL,26.96015233,-80.08295057,458671,"26.96015233,-80.08295057",0,0,0,1,1,1,0,2,1,,,,178773,960598,1954202,,643120,395690
22,Marshalls,FL,30.22129622,-85.8701446,454293,"30.22129622,-85.8701446",0,0,1,1,1,2,0,0,0,,,623569,405410,519722,5047508,,,
23,Marshalls,FL,27.79620131,-82.33245096,453903,"27.79620131,-82.33245096",1,1,2,1,2,4,1,0,0,470061,552378,1339750,475799,1635610,8026539,413292,,
24,Marshalls,FL,27.39169372,-82.45327833,436709,"27.39169372,-82.45327833",2,1,3,3,4,5,2,3,1,635888,381637,2224142,928384,3953521,8383436,748322,968010,350911
25,Marshalls,FL,28.17546464,-82.35555788,435297,"28.17546464,-82.35555788",2,1,2,6,2,5,3,1,1,496871,404724,1516215,1466075,1536300,8975699,995451,422295,268041
26,Marshalls,FL,27.49891405,-81.485903,429195,"27.49891405,-81.485903",0,0,1,1,1,2,0,0,0,,,710879,323316,897388,4749954,,,
27,Marshalls,FL,30.44015803,-84.25826912,427271,"30.44015803,-84.25826912",1,1,2,3,2,5,1,1,0,195313,300310,1618251,820709,1678400,8547819,335144,629904,
28,Marshalls,FL,25.80987875,-80.19355365,424338,"25.80987875,-80.19355365",5,0,1,8,8,7,1,5,5,2648302,,842397,3110697,10990205,16962810,301033,2089379,1797257
29,Marshalls,FL,26.48581527,-81.78940397,423864,"26.48581527,-81.78940397",2,1,3,4,2,4,3,3,1,532327,581000,2096596,1108864,2494837,7181092,866936,1125884,393505
30,Marshalls,FL,28.05040396,-82.69797409,417388,"28.05040396,-82.69797409",4,1,5,8,4,7,1,4,1,951246,627180,3410351,2444881,3618491,11731386,477152,1687178,315075
31,Marshalls,FL,26.21278703,-80.10717035,415341,"26.21278703,-80.10717035",3,2,4,10,7,9,2,3,4,1251307,908392,2709614,3282144,6967053,16778262,593087,1116871,1074923
32,Marshalls,FL,25.48042614,-80.46169303,414816,"25.48042614,-80.46169303",1,1,1,2,2,3,0,1,0,384789,321619,656538,950782,2356279,5652339,,487096,
33,Marshalls,FL,30.38944671,-86.43912186,406771,"30.38944671,-86.43912186",0,0,1,2,1,3,1,0,0,,,544598,601816,530858,6640450,308755,,
34,Marshalls,FL,26.17261584,-81.80103344,406080,"26.17261584,-81.80103344",2,1,2,2,2,4,1,1,1,435942,383506,1537779,546723,2100884,6435766,485955,474058,374136
35,Marshalls,FL,27.23554687,-80.26661916,403317,"27.23554687,-80.26661916",1,1,3,1,4,4,2,1,0,478284,391326,1674642,327486,3252388,8375952,700578,420282,
36,Marshalls,FL,26.31571519,-80.15697515,396312,"26.31571519,-80.15697515",2,2,3,9,8,9,4,3,5,845900,908392,2285727,3039771,8023793,16287436,1618352,1325753,1631353
37,Marshalls,FL,26.84377179,-80.0737879,395690,"26.84377179,-80.0737879",2,1,2,4,3,3,2,3,1,619808,282832,1027946,1035719,2612070,4919185,735224,1114647,458671
38,Marshalls,FL,29.13878799,-82.19278881,394080,"29.13878799,-82.19278881",1,1,3,2,1,3,1,1,0,333372,420439,2491908,605204,992389,6834129,461838,486906,
39,Marshalls,FL,26.58642025,-81.86958965,393505,"26.58642025,-81.86958965",3,2,4,4,4,6,3,3,1,920631,1050241,3031260,1320829,4470097,11426042,1109486,1044030,423864
40,Marshalls,FL,28.49535372,-81.43035435,392484,"28.49535372,-81.43035435",5,0,4,15,7,7,3,2,6,1689287,,2695287,4785539,5288927,14521028,684794,625957,2290835
41,Marshalls,FL,27.01499547,-82.14422047,376088,"27.01499547,-82.14422047",1,1,2,2,3,3,1,1,0,267525,359070,995565,501116,2095959,6217772,342255,372532,
42,Marshalls,FL,28.03888338,-80.66485967,375449,"28.03888338,-80.66485967",1,1,3,3,2,4,1,0,0,283060,455402,1701081,970200,1260355,7376650,257867,,
43,Marshalls,FL,26.27086874,-81.79847013,374136,"26.27086874,-81.79847013",1,1,1,3,3,2,2,2,1,250447,383506,867257,713167,3055081,3471151,688777,898454,406080
44,Marshalls,FL,26.36594881,-80.1735641,367379,"26.36594881,-80.1735641",2,2,3,8,7,8,4,4,4,845900,908392,2285727,2758116,7314006,14260500,1618352,1627828,1353917
45,Marshalls,FL,26.04343239,-80.15896058,363170,"26.04343239,-80.15896058",9,2,2,14,8,10,2,6,4,3166333,760931,1289397,4192182,8941228,19410159,793028,2229910,1213048
46,Marshalls,FL,26.52946565,-80.09281893,360793,"26.52946565,-80.09281893",1,1,1,6,5,6,1,3,2,315678,534774,693216,1960858,5368334,9255984,455531,1435933,635056
47,Marshalls,FL,30.48249025,-81.6407356,360382,"30.48249025,-81.6407356",1,0,1,1,1,2,0,0,0,234146,,664432,409762,699150,3845602,,,
48,Marshalls,FL,26.28817959,-80.24929148,358726,"26.28817959,-80.24929148",4,2,4,10,8,10,3,3,4,1580264,908392,2751602,3680607,8057313,18205853,1162821,1325753,1253598
49,Marshalls,FL,28.67530247,-81.4710751,358512,"28.67530247,-81.4710751",1,1,4,7,6,5,1,3,3,353038,538299,2203176,1874643,4571729,9832031,318395,1237723,995725
50,Marshalls,FL,28.39222915,-81.48445473,356655,"28.39222915,-81.48445473",3,1,2,15,5,8,2,4,3,840615,451703,1082197,4902131,3393883,20912054,442047,1465974,1194582
51,Marshalls,FL,28.22398965,-81.64276718,356560,"28.22398965,-81.64276718",1,0,2,2,0,3,1,1,0,379602,,1222395,1025038,,9760329,329864,403661,
52,Marshalls,FL,27.26052384,-82.51795607,350911,"27.26052384,-82.51795607",2,2,2,2,2,3,2,2,1,425756,615779,1302600,615873,1981882,4763104,748322,833480,436709
53,Marshalls,FL,30.17570908,-81.62667292,341760,"30.17570908,-81.62667292",3,2,3,4,4,9,1,3,1,779063,833361,2025418,1286366,2686163,15539425,463562,932622,211309
54,Marshalls,FL,28.47550606,-81.28715209,339297,"28.47550606,-81.28715209",3,3,4,11,6,6,2,3,2,1138881,1248067,2385092,3676621,4645925,11212956,459521,1313408,628997
55,Marshalls,FL,25.62066372,-80.34234868,335509,"25.62066372,-80.34234868",2,1,1,8,6,4,1,3,2,679350,495150,653898,3449648,7453836,7953031,111883,2068534,1046549
56,Marshalls,FL,28.55145091,-80.84290999,335028,"28.55145091,-80.84290999",0,0,1,0,1,1,0,0,0,,,632447,,551331,2227966,,,
57,Marshalls,FL,26.44065508,-80.07277198,332075,"26.44065508,-80.07277198",2,1,1,5,5,4,2,3,2,644635,534774,693216,1558211,4980199,6203858,1025265,1021281,728172
58,Marshalls,FL,27.90785906,-82.50472481,331600,"27.90785906,-82.50472481",1,0,2,2,4,5,1,3,1,361344,,1366220,611306,3516343,7859663,277716,1297737,552525
59,Marshalls,FL,27.98832505,-82.1249478,330807,"27.98832505,-82.1249478",0,1,2,2,2,3,0,0,0,,555994,1552372,577353,1782594,6226243,,,
60,Marshalls,FL,25.98142858,-80.35797757,323604,"25.98142858,-80.35797757",6,1,5,13,8,10,2,4,3,2825174,512117,3537675,4684510,9091386,21663433,796970,1680457,1165178
61,Marshalls,FL,28.79847527,-81.3341345,320817,"28.79847527,-81.3341345",1,2,3,5,3,3,0,1,1,604898,765816,1748730,1481636,2374780,5573087,,673708,287427
62,Marshalls,FL,27.96626249,-82.72824974,315075,"27.96626249,-82.72824974",4,1,5,7,6,6,3,4,3,1058274,627180,3293012,1970812,5399693,11389933,1070536,1934989,810998
63,Marshalls,FL,26.01274602,-80.25153526,309341,"26.01274602,-80.25153526",8,3,4,18,9,12,4,7,5,2871545,1273048,2695278,6213625,10730207,24960918,1485509,2550028,1590481
64,Marshalls,FL,27.46365197,-82.63403533,305582,"27.46365197,-82.63403533",1,0,1,1,2,5,1,2,0,343628,,731929,312511,1971639,9619990,207024,495657,
65,Marshalls,FL,26.6160286,-80.14417633,302981,"26.6160286,-80.14417633",3,2,3,7,6,7,1,4,2,1152019,972024,1945726,2542954,6519772,12109534,339550,2025449,1180612
66,Marshalls,FL,28.66364034,-81.38252103,287427,"28.66364034,-81.38252103",2,3,5,12,8,6,2,4,5,901128,1333168,2767363,3141430,6302935,10426903,667451,1644936,1624140
67,Marshalls,FL,28.26592456,-81.3308053,285714,"28.26592456,-81.3308053",1,1,2,7,4,4,0,1,2,303897,451703,1112925,2198886,3055826,8035144,,440521,802098
68,Marshalls,FL,25.8314203,-80.25975734,283748,"25.8314203,-80.25975734",8,1,2,11,11,9,1,6,5,4017420,356795,1571774,4647011,14513188,21775406,301033,2446864,2018632
69,Marshalls,FL,27.83623061,-82.68780706,279016,"27.83623061,-82.68780706",3,1,4,5,6,6,3,4,3,856848,464864,2752926,1385021,5685602,11657791,1083240,1648909,631418
70,Marshalls,FL,30.48203772,-87.20826445,277451,"30.48203772,-87.20826445",1,1,3,3,4,5,0,2,0,282514,419942,2195738,611523,2307028,10529366,,1322990,
71,Marshalls,FL,30.31105405,-81.73429752,268583,"30.31105405,-81.73429752",1,1,1,1,4,5,1,2,0,244689,314851,771498,481675,2951517,9074303,249352,518376,
72,Marshalls,FL,28.19081911,-82.45722617,268041,"28.19081911,-82.45722617",2,1,3,7,2,6,3,2,1,496871,404724,2269326,1798711,1908643,10150456,995451,848689,435297
73,Marshalls,FL,26.23680797,-80.20107708,266804,"26.23680797,-80.20107708",5,3,5,12,10,12,4,4,7,2351191,1320574,3370449,4260261,9878238,22263257,1511366,2023309,2497779
74,Marshalls,FL,29.26168687,-81.02659535,264460,"29.26168687,-81.02659535",1,0,1,3,2,3,0,1,0,438345,,880936,868497,1258859,6577650,,394250,
75,Marshalls,FL,26.06015291,-81.69784683,242889,"26.06015291,-81.69784683",1,0,1,1,1,3,0,0,0,185495,,670522,259453,880495,4579478,,,
76,Marshalls,FL,28.33256231,-81.47381297,242170,"28.33256231,-81.47381297",3,1,2,14,4,6,1,4,3,840615,451703,1082197,4729702,2724133,17409438,225273,1465974,1202297
77,Marshalls,FL,28.54893327,-81.34961019,236513,"28.54893327,-81.34961019",4,4,7,17,9,9,4,6,5,1491919,1786366,4421557,5308003,6760466,17184636,1126972,2366167,1727506
78,Marshalls,FL,28.55435066,-81.47929418,235265,"28.55435066,-81.47929418",4,1,5,13,6,8,3,3,6,1461169,538299,2878149,3955313,4229558,15814794,760442,890546,2398041
79,Marshalls,FL,25.93840204,-80.2473497,233046,"25.93840204,-80.2473497",10,2,4,20,11,13,4,8,7,4099976,860866,2932483,7208488,13766883,28635291,1437997,3021867,2808949
80,Marshalls,FL,26.18834769,-80.20689326,223103,"26.18834769,-80.20689326",5,3,5,13,9,12,3,6,6,2381236,1320574,3314806,4463997,8692698,22812972,941632,2651197,2174101
81,Marshalls,FL,30.14840093,-81.75340135,211309,"30.14840093,-81.75340135",2,2,3,3,4,6,1,2,1,552741,720218,1786572,922476,2556674,11084788,249352,749816,341760
82,Marshalls,FL,27.78893025,-82.73017403,201749,"27.78893025,-82.73017403",2,1,3,3,5,5,3,3,2,536999,464864,2113924,789809,4739247,9779342,1083240,1315595,393610
83,Marshalls,FL,26.11916123,-80.17708116,188704,"26.11916123,-80.17708116",8,3,4,16,10,12,2,5,6,3319494,1162142,2360464,5102178,10229408,23194920,688539,2058719,2125973
84,Marshalls,FL,25.77398514,-80.32171357,175715,"25.77398514,-80.32171357",6,2,2,12,10,6,2,5,5,3232345,851945,1496295,5031730,12861683,15477546,412916,2234113,2377426
85,Marshalls,FL,28.65364973,-81.20987675,150855,"28.65364973,-81.20987675",1,2,4,6,4,4,1,3,0,282191,936137,2593605,1820667,3272718,8236089,349056,1475621,
86,Marshalls,FL,27.07493951,-82.42337358,127309,"27.07493951,-82.42337358",1,0,1,0,1,2,0,1,0,275897,,779499,,659925,3312328,,659108,
87,Marshalls,FL,27.89163011,-82.78264183,114594,"27.89163011,-82.78264183",3,2,5,6,5,5,4,5,3,856848,1092044,3487219,1683830,4491431,10664343,1560392,2274002,795840
1,Marshalls,AL,34.67480735,-86.5457253,579489,"34.67480735,-86.5457253",0,1,3,1,2,5,1,1,0,,245017,1893875,397660,1355459,7792728,200023,520098,
2,Marshalls,AL,30.37788523,-87.68632428,560818,"30.37788523,-87.68632428",0,0,1,1,1,2,0,1,0,,,756522,312637,566624,4628218,,458653,
3,Marshalls,AL,32.3596849,-86.15858661,459410,"32.3596849,-86.15858661",1,1,1,2,2,4,0,1,0,257538,305495,648951,659217,1304714,7071191,,510554,
4,Marshalls,AL,30.67761061,-88.12260762,418587,"30.67761061,-88.12260762",1,1,3,2,2,6,1,1,0,205209,456335,3027232,683429,1279676,13767155,319823,365909,
5,Marshalls,AL,33.36105771,-86.85386633,395458,"33.36105771,-86.85386633",1,2,4,3,3,6,1,3,0,196630,611689,3066755,1037805,2265752,11926085,396697,1515697,
6,Marshalls,AL,33.63910488,-86.62771501,330430,"33.63910488,-86.62771501",1,1,2,2,2,4,1,1,0,152953,271885,1192640,510599,1478677,7734283,266300,531727,
7,Marshalls,AL,34.75430438,-86.74775761,266024,"34.75430438,-86.74775761",0,1,2,2,2,5,1,1,0,,398543,1628317,687039,1501768,7736572,200023,485713,
