Rank,Name,State,Lat,Long,Total_Visits,client_coords,num_stores_Aldi,num_stores_Food_City,num_stores_Food_Lion_Grocery_Store,num_stores_Ingles,num_stores_Kroger,num_stores_Piggly_Wiggly,num_stores_Publix,num_stores_Sprouts_Farmers_Market,num_stores_The_Fresh_Market,num_stores_Total_Wine_&_More,num_stores_Trader_Joe's,num_stores_Walmart_Neighborhood_Market,num_stores_Whole_Foods_Market,num_stores_Winn-Dixie,num_stores_ABC_Fine_Wine_&_Spirits,total_visit_Aldi,total_visit_Food_City,total_visit_Food_Lion_Grocery_Store,total_visit_Ingles,total_visit_Kroger,total_visit_Piggly_Wiggly,total_visit_Publix,total_visit_Sprouts_Farmers_Market,total_visit_The_Fresh_Market,total_visit_Total_Wine_&_More,total_visit_Trader_Joe's,total_visit_Walmart_Neighborhood_Market,total_visit_Whole_Foods_Market,total_visit_Winn-Dixie,total_visit_ABC_Fine_Wine_&_Spirits,num_grocery_stores,total_grocery_visit
1,HomeGoods,TN,36.33870566,-82.37720278,544090,"36.33870566,-82.37720278",1,1,1,0,2,0,0,0,1,0,0,0,0,0,0,403896,824889,213589,0,1660771,0,0,0,401799,0,0,0,0,0,0,6,3504944
2,HomeGoods,TN,35.92631903,-84.04940438,501003,"35.92631903,-84.04940438",1,2,0,0,2,0,0,0,0,0,1,0,1,0,0,222752,784771,0,0,2462706,0,0,0,0,0,768286,0,1036117,0,0,7,5274632
3,HomeGoods,TN,35.85473329,-86.42753616,357527,"35.85473329,-86.42753616",1,0,0,0,2,0,1,1,0,0,0,1,0,0,0,208080,0,0,0,1194441,0,586670,289414,0,0,0,634993,0,0,0,6,2913598
4,HomeGoods,TN,36.33443225,-86.62290839,344169,"36.33443225,-86.62290839",1,0,0,0,2,0,1,0,0,0,0,0,0,0,0,208408,0,0,0,1798727,0,508425,0,0,0,0,0,0,0,0,4,2515560
5,HomeGoods,TN,36.15757025,-85.51927464,340950,"36.15757025,-85.51927464",1,0,2,0,1,0,1,0,0,0,0,0,0,0,0,309586,0,992199,0,1529093,0,924318,0,0,0,0,0,0,0,0,5,3755196
6,HomeGoods,TN,35.88302644,-83.57591044,321679,"35.88302644,-83.57591044",1,1,0,0,1,0,1,0,0,0,0,1,0,0,0,123710,743464,0,0,1068552,0,835542,0,0,0,0,859245,0,0,0,5,3630513
7,HomeGoods,TN,35.73977486,-86.9396596,320892,"35.73977486,-86.9396596",1,0,1,0,1,0,1,0,0,0,0,0,0,0,0,87978,0,227045,0,942210,0,585638,0,0,0,0,0,0,0,0,4,1842871
8,HomeGoods,TN,35.03565483,-85.15422286,315205,"35.03565483,-85.15422286",1,2,0,0,0,0,2,0,1,0,0,1,1,0,0,111000,679973,0,0,0,0,1570697,0,363510,0,0,623293,395194,0,0,8,3743667
9,HomeGoods,TN,35.16931871,-89.7949902,310435,"35.16931871,-89.7949902",1,0,0,0,3,0,0,0,0,0,0,0,0,0,0,183375,0,0,0,3831425,0,0,0,0,0,0,0,0,0,0,4,4014800
10,HomeGoods,TN,36.08116861,-86.94533,266647,"36.08116861,-86.94533",1,0,0,0,2,0,2,1,0,0,0,0,0,0,0,193751,0,0,0,1437609,0,1483055,329316,0,0,0,0,0,0,0,6,3443731
11,HomeGoods,TN,35.7510673,-83.99065566,256948,"35.7510673,-83.99065566",1,2,1,0,2,0,0,0,0,0,0,0,0,0,0,242019,836944,357897,0,2430440,0,0,0,0,0,0,0,0,0,0,6,3867300
12,HomeGoods,TN,36.01126971,-84.25341437,248757,"36.01126971,-84.25341437",1,1,0,0,1,0,0,0,0,0,0,0,0,0,0,171984,443695,0,0,1424686,0,0,0,0,0,0,0,0,0,0,3,2040365
13,HomeGoods,TN,35.04903869,-89.73581482,240601,"35.04903869,-89.73581482",0,0,0,0,1,0,0,1,1,0,0,0,0,0,0,0,0,0,0,1233805,0,0,530261,247639,0,0,0,0,0,0,3,2011705
14,HomeGoods,TN,35.20786186,-84.84919388,226016,"35.20786186,-84.84919388",0,1,1,0,0,0,1,0,0,0,0,0,0,0,0,0,643829,296193,0,0,0,1078833,0,0,0,0,0,0,0,0,3,2018855
1,HomeGoods,FL,26.36580292,-80.17252744,569734,"26.36580292,-80.17252744",1,0,0,0,0,0,5,0,1,0,0,0,0,1,1,340853,0,0,0,0,0,4596941,0,321886,0,0,0,0,466128,100377,9,5826185
2,HomeGoods,FL,28.23777963,-80.72697222,522058,"28.23777963,-80.72697222",0,0,0,0,0,0,2,0,0,1,0,0,0,0,1,0,0,0,0,0,0,1883968,0,0,289296,0,0,0,0,48284,4,2221548
3,HomeGoods,FL,27.79487277,-82.72993464,489856,"27.79487277,-82.72993464",1,0,0,0,0,0,5,0,0,1,0,1,0,3,2,237809,0,0,0,0,0,4268748,0,0,372268,0,495820,0,808450,87545,13,6270640
4,HomeGoods,FL,26.19937225,-81.80254251,485955,"26.19937225,-81.80254251",1,0,0,0,0,0,3,0,1,1,0,1,0,0,0,273493,0,0,0,0,0,2426234,0,203764,257345,0,797549,0,0,0,7,3958385
5,HomeGoods,FL,28.01412693,-82.73205985,477152,"28.01412693,-82.73205985",1,0,0,0,0,0,5,1,1,1,0,1,1,1,0,338981,0,0,0,0,0,5249022,264749,314702,240257,0,613942,1112705,106745,0,12,8241103
6,HomeGoods,FL,30.19231757,-81.54927783,463562,"30.19231757,-81.54927783",1,0,0,0,0,0,2,0,0,0,0,1,0,1,0,146288,0,0,0,0,0,1391024,0,0,0,0,411633,0,414536,0,5,2363481
7,HomeGoods,FL,29.14093156,-82.1923159,461838,"29.14093156,-82.1923159",1,0,0,0,0,0,2,0,0,0,0,0,0,0,1,217756,0,0,0,0,0,1983551,0,0,0,0,0,0,0,122214,4,2323521
8,HomeGoods,FL,26.43845946,-80.0875143,455531,"26.43845946,-80.0875143",1,0,0,0,0,0,4,0,1,0,1,1,1,1,1,206950,0,0,0,0,0,2762926,0,236735,0,672562,431792,815893,330111,24617,11,5481586
9,HomeGoods,FL,26.00951958,-80.29762476,453034,"26.00951958,-80.29762476",1,0,0,0,0,0,9,1,1,0,1,0,0,0,1,180401,0,0,0,0,0,7842293,263098,397661,0,920914,0,0,0,118505,14,9722872
10,HomeGoods,FL,26.61141935,-81.93928049,445372,"26.61141935,-81.93928049",1,0,0,0,0,0,2,0,0,0,0,0,0,0,1,244614,0,0,0,0,0,1959451,0,0,0,0,0,0,0,98804,4,2302869
11,HomeGoods,FL,30.18752975,-85.66929318,436436,"30.18752975,-85.66929318",0,0,0,0,0,0,2,0,0,0,0,0,0,1,0,0,0,0,0,0,0,2131054,0,0,0,0,0,0,397299,0,3,2528353
12,HomeGoods,FL,27.39095759,-82.45131561,432976,"27.39095759,-82.45131561",0,0,0,0,0,0,1,0,1,1,0,0,1,0,0,0,0,0,0,0,0,632409,0,281977,365584,0,0,829590,0,0,4,2109560
13,HomeGoods,FL,26.27045514,-80.2048016,428685,"26.27045514,-80.2048016",1,0,0,0,0,0,6,0,1,1,1,0,0,1,0,296681,0,0,0,0,0,5599079,0,357329,347755,388874,0,0,553146,0,11,7542864
14,HomeGoods,FL,27.92150533,-82.31622451,413292,"27.92150533,-82.31622451",2,0,0,0,0,0,4,0,0,1,0,2,0,1,0,467862,0,0,0,0,0,3088425,0,0,380139,0,855208,0,316690,0,10,5108324
15,HomeGoods,FL,27.17784963,-80.23397274,412995,"27.17784963,-80.23397274",1,0,0,0,0,0,2,1,1,0,0,0,0,0,1,313396,0,0,0,0,0,1062574,157248,349424,0,0,0,0,0,55192,6,1937834
16,HomeGoods,FL,28.12517003,-82.50067145,396596,"28.12517003,-82.50067145",0,0,0,0,0,0,4,1,0,0,0,0,1,2,0,0,0,0,0,0,0,2862708,251894,0,0,0,0,554225,646333,0,8,4315160
17,HomeGoods,FL,26.81035612,-80.10442322,395674,"26.81035612,-80.10442322",1,0,0,0,0,0,5,0,0,1,1,0,1,1,1,227275,0,0,0,0,0,3986403,0,0,353129,754631,0,991086,214773,62829,11,6590126
18,HomeGoods,FL,28.19575308,-82.39523618,393463,"28.19575308,-82.39523618",1,0,0,0,0,0,2,0,0,0,0,0,0,1,1,333749,0,0,0,0,0,2761831,0,0,0,0,0,0,324534,125316,5,3545430
19,HomeGoods,FL,27.97878626,-81.96002689,374706,"27.97878626,-81.96002689",0,0,0,0,0,0,4,0,0,0,0,0,0,1,1,0,0,0,0,0,0,3523013,0,0,0,0,0,0,261418,84820,6,3869251
20,HomeGoods,FL,28.64519247,-81.26554995,349056,"28.64519247,-81.26554995",0,0,0,0,0,0,3,0,1,0,0,1,0,0,1,0,0,0,0,0,0,2640942,0,250430,0,0,732743,0,0,103722,6,3727837
21,HomeGoods,FL,26.1436978,-80.31846758,348545,"26.1436978,-80.31846758",1,0,0,0,0,0,4,0,1,0,0,0,0,2,1,321452,0,0,0,0,0,3537720,0,355692,0,0,0,0,1128445,89861,9,5433170
22,HomeGoods,FL,25.98144866,-80.35700351,343936,"25.98144866,-80.35700351",1,0,0,0,0,0,6,1,0,1,0,0,1,1,1,440788,0,0,0,0,0,5854776,263098,0,412301,0,0,1089807,628154,94528,12,8783452
23,HomeGoods,FL,27.00886746,-82.13459966,342255,"27.00886746,-82.13459966",1,0,0,0,0,0,1,0,0,0,0,1,0,1,0,244671,0,0,0,0,0,944952,0,0,0,0,770068,0,522458,0,4,2482149
24,HomeGoods,FL,26.04303387,-80.159139,339994,"26.04303387,-80.159139",1,0,0,0,0,0,5,0,0,0,0,1,0,1,0,383014,0,0,0,0,0,4879932,0,0,0,0,764185,0,286012,0,8,6313143
25,HomeGoods,FL,26.54326572,-81.87256439,339711,"26.54326572,-81.87256439",1,0,0,0,0,0,4,0,1,1,0,1,1,1,1,192245,0,0,0,0,0,3173713,0,327219,422594,0,489214,684502,257582,63611,11,5610680
26,HomeGoods,FL,26.72503533,-80.09046643,339550,"26.72503533,-80.09046643",1,0,0,0,0,0,4,0,0,0,0,0,1,0,0,300961,0,0,0,0,0,3147841,0,0,0,0,0,886823,0,0,6,4335625
27,HomeGoods,FL,30.26986432,-81.39007952,338604,"30.26986432,-81.39007952",0,0,0,0,0,0,3,0,0,0,1,0,1,1,1,0,0,0,0,0,0,2323519,0,0,0,527508,0,417351,310552,64297,7,3643227
28,HomeGoods,FL,30.51274856,-84.24940791,335144,"30.51274856,-84.24940791",0,0,0,0,0,0,2,0,1,0,1,0,0,0,1,0,0,0,0,0,0,2393824,0,391313,0,760549,0,0,0,43646,5,3589332
29,HomeGoods,FL,28.22413088,-81.64240978,329864,"28.22413088,-81.64240978",0.0,0.0,0.0,0.0,0.0,0.0,0.0,0.0,0.0,0.0,0.0,0.0,0.0,0.0,0.0,0.0,0.0,0.0,0.0,0.0,0.0,0.0,0.0,0.0,0.0,0.0,0.0,0.0,0.0,0.0,0,0
30,HomeGoods,FL,26.48350393,-81.78857966,324403,"26.48350393,-81.78857966",1,0,0,0,0,0,0,0,0,0,0,0,0,0,0,213742,0,0,0,0,0,0,0,0,0,0,0,0,0,0,1,213742
31,HomeGoods,FL,28.66604187,-81.42310081,318395,"28.66604187,-81.42310081",1,0,0,0,0,0,5,0,0,1,0,1,1,1,1,369987,0,0,0,0,0,4579908,0,0,320848,0,887058,646675,486547,45873,11,7336896
32,HomeGoods,FL,27.84483595,-82.79276146,315668,"27.84483595,-82.79276146",1,0,0,0,0,0,5,1,0,1,0,0,0,4,1,253964,0,0,0,0,0,3684800,225132,0,372268,0,0,0,1293355,66878,13,5896397
33,HomeGoods,FL,27.2974095,-82.49483224,315346,"27.2974095,-82.49483224",1,0,0,0,0,0,6,0,0,0,1,2,0,1,1,195747,0,0,0,0,0,5122347,0,0,0,842519,1186188,0,239675,54068,12,7640544
34,HomeGoods,FL,28.53574365,-82.50738891,312041,"28.53574365,-82.50738891",1,0,0,0,0,0,0,0,0,0,0,0,0,0,0,242779,0,0,0,0,0,0,0,0,0,0,0,0,0,0,1,242779
35,HomeGoods,FL,30.38946502,-86.43853555,308755,"30.38946502,-86.43853555",0,0,0,0,0,0,1,0,1,0,0,0,1,0,1,0,0,0,0,0,0,1531016,0,194367,0,0,0,546963,0,147558,4,2419904
36,HomeGoods,FL,25.80854892,-80.19409305,301033,"25.80854892,-80.19409305",0,0,0,0,0,0,4,0,0,0,0,0,1,2,0,0,0,0,0,0,0,3815667,0,0,0,0,0,863779,1193924,0,7,5873370
37,HomeGoods,FL,27.31814121,-80.38932411,287583,"27.31814121,-80.38932411",1,0,0,0,0,0,1,0,0,0,0,1,0,0,0,276266,0,0,0,0,0,790083,0,0,0,0,674358,0,0,0,3,1740707
38,HomeGoods,FL,28.20429473,-82.66904311,283091,"28.20429473,-82.66904311",0,0,0,0,0,0,3,1,0,0,0,0,0,1,0,0,0,0,0,0,0,2210101,441763,0,0,0,0,0,349314,0,5,3001178
39,HomeGoods,FL,27.84340964,-82.64425415,277716,"27.84340964,-82.64425415",0,0,0,0,0,0,4,0,0,0,0,1,0,3,1,0,0,0,0,0,0,4007978,0,0,0,0,442506,0,1021367,139476,9,5611327
40,HomeGoods,FL,28.03892629,-80.6652918,257867,"28.03892629,-80.6652918",1,0,0,0,0,0,3,0,0,0,0,1,0,3,1,306351,0,0,0,0,0,2926731,0,0,0,0,618759,0,1167827,59149,9,5078817
41,HomeGoods,FL,30.3181815,-81.49375477,255909,"30.3181815,-81.49375477",0,0,0,0,0,0,2,1,1,0,0,1,0,2,0,0,0,0,0,0,0,1780342,297087,334744,0,0,487690,0,697711,0,7,3597574
42,HomeGoods,FL,30.19935294,-81.82823341,249352,"30.19935294,-81.82823341",1,0,0,0,0,0,2,0,0,0,0,0,0,1,0,262602,0,0,0,0,0,1906534,0,0,0,0,0,0,666838,0,4,2835974
43,HomeGoods,FL,28.46543125,-81.30425886,242747,"28.46543125,-81.30425886",1,0,0,0,0,0,3,0,0,0,0,2,0,0,0,169842,0,0,0,0,0,2702782,0,0,0,0,2351913,0,0,0,6,5224537
44,HomeGoods,FL,30.62694002,-81.54215145,240966,"30.62694002,-81.54215145",1,0,0,0,0,0,1,0,0,0,0,0,0,1,1,76809,0,0,0,0,0,1015565,0,0,0,0,0,0,359087,76269,4,1527730
45,HomeGoods,FL,28.45118691,-81.49093846,225273,"28.45118691,-81.49093846",0,0,0,0,0,0,3,1,1,0,1,0,1,0,0,0,0,0,0,0,0,2076786,185185,262119,0,678907,0,1081987,0,0,7,4284984
46,HomeGoods,FL,28.54890771,-81.72528837,224992,"28.54890771,-81.72528837",1,0,0,0,0,0,2,0,0,0,0,0,0,1,1,296874,0,0,0,0,0,2176149,0,0,0,0,0,0,393542,214163,5,3080728
47,HomeGoods,FL,28.49443206,-81.43089219,216774,"28.49443206,-81.43089219",1,0,0,0,0,0,2,0,0,1,0,1,0,0,1,130063,0,0,0,0,0,1758306,0,0,461074,0,488467,0,0,29092,6,2867002
48,HomeGoods,FL,27.46369814,-82.63350917,207024,"27.46369814,-82.63350917",1,0,0,0,0,0,3,0,1,0,0,0,0,2,1,242535,0,0,0,0,0,3280245,0,228865,0,0,0,0,667640,100751,8,4520036
49,HomeGoods,FL,28.13186982,-82.36669457,205392,"28.13186982,-82.36669457",0,0,0,0,0,0,2,1,0,0,0,0,0,1,0,0,0,0,0,0,0,2037334,328855,0,0,0,0,0,324534,0,4,2690723
50,HomeGoods,FL,26.34287079,-81.80516736,202822,"26.34287079,-81.80516736",0,0,0,0,0,0,3,0,1,0,0,0,0,0,0,0,0,0,0,0,0,2255322,0,302972,0,0,0,0,0,0,4,2558294
51,HomeGoods,FL,26.26183053,-80.10120799,164402,"26.26183053,-80.10120799",1,0,0,0,0,0,4,0,0,0,0,0,1,1,1,261082,0,0,0,0,0,3520313,0,0,0,0,0,900924,327292,74207,8,5083818
52,HomeGoods,FL,25.64231842,-80.33253931,111883,"25.64231842,-80.33253931",0,0,0,0,0,0,4,0,1,1,0,0,1,0,0,0,0,0,0,0,0,3409989,0,656538,458028,0,0,1047807,0,0,7,5572362
1,HomeGoods,AL,33.42006286,-86.68573381,403453,"33.42006286,-86.68573381",1,0,0,0,0,0,2,1,1,0,0,0,0,1,0,169309,0,0,0,0,0,1257011,191376,188122,0,0,0,0,323736,0,6,2129554
2,HomeGoods,AL,33.39283881,-86.8078986,396697,"33.39283881,-86.8078986",0,0,0,0,0,0,1,0,0,0,0,2,0,0,0,0,0,0,0,0,0,758783,0,0,0,0,1339123,0,0,0,3,2097906
3,HomeGoods,AL,33.18501388,-87.52761229,393842,"33.18501388,-87.52761229",1,0,0,0,0,2,1,0,1,0,0,1,0,1,0,461164,0,0,0,0,215765,796937,0,332089,0,0,811224,0,394169,0,7,3011348
4,HomeGoods,AL,31.22710584,-85.43081099,368202,"31.22710584,-85.43081099",0,0,0,0,0,2,2,0,0,0,0,1,0,1,0,0,0,0,0,0,245752,1843053,0,0,0,0,1034174,0,416448,0,6,3539427
5,HomeGoods,AL,30.65240475,-88.11551895,319823,"30.65240475,-88.11551895",0,0,0,0,0,1,1,0,1,0,0,2,1,0,0,0,0,0,0,0,75285,1050115,0,670136,0,0,1299298,397870,0,0,6,3492704
6,HomeGoods,AL,33.61003818,-86.62374802,266300,"33.61003818,-86.62374802",1,0,0,0,0,0,0,0,0,0,0,0,0,1,0,292778,0,0,0,0,0,0,0,0,0,0,0,0,469357,0,2,762135
7,HomeGoods,AL,34.74181903,-86.66475598,200023,"34.74181903,-86.66475598",1,0,0,0,1,0,1,0,0,0,0,2,0,0,0,139930,0,0,0,1178949,0,620564,0,0,0,0,1062202,0,0,0,5,3001645
1,T.J. Maxx,TN,35.86071326,-83.5683857,788124,"35.86071326,-83.5683857",1,1,0,0,1,0,1,0,0,0,0,1,0,0,0,123710,743464,0,0,1068552,0,835542,0,0,0,0,859245,0,0,0,5,3630513
2,T.J. Maxx,TN,36.16725845,-86.50742595,749091,"36.16725845,-86.50742595",1,0,0,0,1,0,1,0,0,0,0,0,0,0,0,159444,0,0,0,1152901,0,610049,0,0,0,0,0,0,0,0,3,1922394
3,T.J. Maxx,TN,35.92612102,-84.05038172,745427,"35.92612102,-84.05038172",1,2,0,0,2,0,0,0,0,0,1,0,1,0,0,222752,784771,0,0,2462706,0,0,0,0,0,768286,0,1036117,0,0,7,5274632
4,T.J. Maxx,TN,36.15764194,-85.51977024,660811,"36.15764194,-85.51977024",1,0,2,0,1,0,1,0,0,0,0,0,0,0,0,309586,0,992199,0,1529093,0,924318,0,0,0,0,0,0,0,0,5,3755196
5,T.J. Maxx,TN,35.20680554,-84.85005376,640877,"35.20680554,-84.85005376",0,1,1,0,0,0,1,0,0,0,0,0,0,0,0,0,643829,296193,0,0,0,1078833,0,0,0,0,0,0,0,0,3,2018855
6,T.J. Maxx,TN,35.68535549,-88.85815346,570941,"35.68535549,-88.85815346",1,0,0,0,3,0,0,0,0,0,0,0,0,0,0,237039,0,0,0,3527270,0,0,0,0,0,0,0,0,0,0,4,3764309
7,T.J. Maxx,TN,36.00897711,-84.25540392,564026,"36.00897711,-84.25540392",1,1,0,0,1,0,0,0,0,0,0,0,0,0,0,171984,443695,0,0,1424686,0,0,0,0,0,0,0,0,0,0,3,2040365
8,T.J. Maxx,TN,35.84369359,-86.42686426,561342,"35.84369359,-86.42686426",1,0,0,0,2,0,2,0,0,0,0,2,0,0,0,208080,0,0,0,1194441,0,1028038,0,0,0,0,1050268,0,0,0,7,3480827
9,T.J. Maxx,TN,35.94843845,-86.82378745,556232,"35.94843845,-86.82378745",2,0,0,0,1,0,3,1,0,0,0,0,1,0,0,212424,0,0,0,616885,0,1885356,355918,0,0,0,0,904768,0,0,8,3975351
10,T.J. Maxx,TN,36.34252832,-82.37427925,545687,"36.34252832,-82.37427925",1,1,1,0,2,0,0,0,1,0,0,0,0,0,0,403896,824889,213589,0,1660771,0,0,0,401799,0,0,0,0,0,0,6,3504944
11,T.J. Maxx,TN,36.58458236,-87.29943281,534449,"36.58458236,-87.29943281",0,0,0,0,1,0,0,0,0,0,0,1,0,0,0,0,0,0,0,1090770,0,0,0,0,0,0,620995,0,0,0,2,1711765
12,T.J. Maxx,TN,35.10794912,-89.89152508,500644,"35.10794912,-89.89152508",2,0,0,0,3,0,0,1,1,0,0,0,1,0,0,582146,0,0,0,3682434,0,0,480668,304090,0,0,0,963891,0,0,8,6013229
13,T.J. Maxx,TN,35.13082689,-85.24237553,500491,"35.13082689,-85.24237553",1,3,0,0,0,0,1,0,0,0,0,1,0,0,0,197913,749609,0,0,0,0,1049236,0,0,0,0,521733,0,0,0,6,2518491
14,T.J. Maxx,TN,35.19806565,-89.79795181,493384,"35.19806565,-89.79795181",2,0,0,0,4,0,0,1,0,0,0,0,0,0,0,402112,0,0,0,5109240,0,0,288294,0,0,0,0,0,0,0,7,5799646
15,T.J. Maxx,TN,35.98682337,-86.55388837,485393,"35.98682337,-86.55388837",1,0,1,0,2,0,1,0,0,0,0,0,0,0,0,174717,0,380736,0,1862481,0,672590,0,0,0,0,0,0,0,0,5,3090524
16,T.J. Maxx,TN,35.09294198,-89.80711403,472892,"35.09294198,-89.80711403",1,0,0,0,4,0,0,0,0,0,1,0,1,0,0,161518,0,0,0,4790668,0,0,0,0,0,787341,0,547879,0,0,7,6287406
17,T.J. Maxx,TN,35.59649977,-87.05967781,420748,"35.59649977,-87.05967781",1,0,1,0,2,1,0,0,0,0,0,0,0,0,0,166843,0,185649,0,1792421,76920,0,0,0,0,0,0,0,0,0,5,2221833
18,T.J. Maxx,TN,36.54353673,-82.5164586,411169,"36.54353673,-82.5164586",1,2,0,0,1,0,0,0,0,0,0,0,0,0,0,429122,1592648,0,0,794753,0,0,0,0,0,0,0,0,0,0,4,2816523
19,T.J. Maxx,TN,36.2929558,-86.7005579,394611,"36.2929558,-86.7005579",1,0,0,0,2,0,1,0,0,0,0,1,0,0,0,240854,0,0,0,2203889,0,633468,0,0,0,0,612458,0,0,0,5,3690669
20,T.J. Maxx,TN,36.07580319,-86.92191319,327611,"36.07580319,-86.92191319",1,0,0,0,2,0,2,1,0,0,0,0,0,0,0,193751,0,0,0,1437609,0,1483055,329316,0,0,0,0,0,0,0,6,3443731
21,T.J. Maxx,TN,35.15045294,-89.919667,308351,"35.15045294,-89.919667",1,0,0,0,3,0,0,1,0,0,0,0,1,0,0,357465,0,0,0,4377144,0,0,480668,0,0,0,0,963891,0,0,6,6179168
22,T.J. Maxx,TN,35.03692797,-85.15375197,192587,"35.03692797,-85.15375197",1,2,0,0,0,0,2,0,1,0,0,1,1,0,0,111000,679973,0,0,0,0,1570697,0,363510,0,0,623293,395194,0,0,8,3743667
1,T.J. Maxx,FL,25.65297847,-80.41389258,1134979,"25.65297847,-80.41389258",2,0,0,0,0,0,7,0,0,0,0,0,0,0,1,950022,0,0,0,0,0,5873822,0,0,0,0,0,0,0,99353,10,6923197
2,T.J. Maxx,FL,29.6620785,-82.42281801,827305,"29.6620785,-82.42281801",0,0,0,0,0,0,4,0,1,0,0,0,0,0,1,0,0,0,0,0,0,3482123,0,281701,0,0,0,0,0,30340,6,3794164
3,T.J. Maxx,FL,30.49295275,-87.22688285,817421,"30.49295275,-87.22688285",0,0,0,0,0,0,2,0,1,0,0,1,0,2,1,0,0,0,0,0,0,2032278,0,675316,0,0,715282,0,741829,65672,7,4230377
4,T.J. Maxx,FL,26.58756608,-80.14509673,802937,"26.58756608,-80.14509673",2,0,0,0,0,0,6,0,0,0,0,2,0,1,0,680423,0,0,0,0,0,4696322,0,0,0,0,1337684,0,713399,0,11,7427828
5,T.J. Maxx,FL,28.55369117,-81.19964538,768982,"28.55369117,-81.19964538",2,0,0,0,0,0,2,0,0,0,0,1,0,1,2,321943,0,0,0,0,0,1787405,0,0,0,0,805585,0,322481,109625,8,3347039
6,T.J. Maxx,FL,26.15151895,-80.32182243,697556,"26.15151895,-80.32182243",1,0,0,0,0,0,4,0,1,0,0,0,0,1,1,321452,0,0,0,0,0,3537720,0,355692,0,0,0,0,551755,89861,8,4856480
7,T.J. Maxx,FL,28.75430353,-81.34597083,673708,"28.75430353,-81.34597083",0,0,0,0,0,0,5,0,1,0,0,0,0,2,1,0,0,0,0,0,0,4068371,0,323129,0,0,0,0,658099,75196,9,5124795
8,T.J. Maxx,FL,27.107679,-82.43585655,659108,"27.107679,-82.43585655",1,0,0,0,0,0,4,0,0,0,0,0,0,1,1,127727,0,0,0,0,0,2983934,0,0,0,0,0,0,236004,67242,7,3414907
9,T.J. Maxx,FL,30.50322099,-84.24983703,629904,"30.50322099,-84.24983703",0,0,0,0,0,0,2,0,1,0,1,0,0,0,2,0,0,0,0,0,0,2393824,0,391313,0,760549,0,0,0,126553,6,3672239
10,T.J. Maxx,FL,28.01355971,-82.73333397,625093,"28.01355971,-82.73333397",1,0,0,0,0,0,5,1,1,1,0,1,1,1,0,338981,0,0,0,0,0,5249022,264749,314702,240257,0,613942,1112705,106745,0,12,8241103
11,T.J. Maxx,FL,25.74593131,-80.33410972,596128,"25.74593131,-80.33410972",1,0,0,0,0,0,7,0,0,0,0,1,0,2,0,464096,0,0,0,0,0,7382079,0,0,0,0,902598,0,1428109,0,11,10176882
12,T.J. Maxx,FL,26.31583737,-80.15573678,592478,"26.31583737,-80.15573678",1,0,0,0,0,0,6,0,0,0,0,1,0,1,0,297929,0,0,0,0,0,4906099,0,0,0,0,944260,0,466128,0,9,6614416
13,T.J. Maxx,FL,25.86853738,-80.29271011,584261,"25.86853738,-80.29271011",0,0,0,0,0,0,4,0,0,0,0,1,0,0,0,0,0,0,0,0,0,4383133,0,0,0,0,1214929,0,0,0,5,5598062
14,T.J. Maxx,FL,27.84696052,-82.64561699,528605,"27.84696052,-82.64561699",1,0,0,0,0,0,4,0,0,0,0,1,0,2,1,113889,0,0,0,0,0,4007978,0,0,0,0,442506,0,829954,139476,9,5533803
15,T.J. Maxx,FL,30.60089884,-87.12569893,505569,"30.60089884,-87.12569893",0,0,0,0,0,0,1,0,0,0,0,0,0,1,0,0,0,0,0,0,0,740034,0,0,0,0,0,0,330623,0,2,1070657
16,T.J. Maxx,FL,30.42708329,-86.64275731,502766,"30.42708329,-86.64275731",0,0,0,0,0,0,3,0,0,0,0,0,0,2,0,0,0,0,0,0,0,2811557,0,0,0,0,0,0,782147,0,5,3593704
17,T.J. Maxx,FL,28.09361164,-81.97052271,501134,"28.09361164,-81.97052271",1,0,0,0,0,0,3,0,0,0,0,0,0,1,0,285867,0,0,0,0,0,2992392,0,0,0,0,0,0,416336,0,5,3694595
18,T.J. Maxx,FL,30.18750453,-85.66889004,488801,"30.18750453,-85.66889004",0,0,0,0,0,0,2,0,0,0,0,0,0,1,0,0,0,0,0,0,0,2131054,0,0,0,0,0,0,397299,0,3,2528353
19,T.J. Maxx,FL,25.48055461,-80.44006876,487096,"25.48055461,-80.44006876",1,0,0,0,0,0,3,0,0,0,0,2,0,1,0,296086,0,0,0,0,0,3553979,0,0,0,0,1168526,0,410546,0,7,5429137
20,T.J. Maxx,FL,29.1655025,-82.17087219,486906,"29.1655025,-82.17087219",1,0,0,0,0,0,2,0,0,0,0,0,0,0,1,217756,0,0,0,0,0,1906106,0,0,0,0,0,0,0,122214,4,2246076
21,T.J. Maxx,FL,27.94218865,-82.32392391,483380,"27.94218865,-82.32392391",2,0,0,0,0,0,4,0,0,1,0,0,0,1,0,467862,0,0,0,0,0,3574433,0,0,380139,0,0,0,344668,0,8,4767102
22,T.J. Maxx,FL,26.20787927,-81.76659535,474058,"26.20787927,-81.76659535",1,0,0,0,0,0,4,0,1,1,0,1,0,0,0,273493,0,0,0,0,0,3173622,0,203764,257345,0,797549,0,0,0,8,4705773
23,T.J. Maxx,FL,26.72314373,-80.09031477,471527,"26.72314373,-80.09031477",1,0,0,0,0,0,4,0,0,0,0,0,1,0,0,300961,0,0,0,0,0,3147841,0,0,0,0,0,886823,0,0,6,4335625
24,T.J. Maxx,FL,30.31812252,-81.49467181,468333,"30.31812252,-81.49467181",0,0,0,0,0,0,2,1,1,0,0,1,0,3,0,0,0,0,0,0,0,1780342,297087,334744,0,0,487690,0,1134206,0,8,4034069
25,T.J. Maxx,FL,26.54322828,-81.87297893,462091,"26.54322828,-81.87297893",1,0,0,0,0,0,4,0,1,1,0,1,1,1,1,192245,0,0,0,0,0,3173713,0,327219,422594,0,489214,684502,257582,63611,11,5610680
26,T.J. Maxx,FL,28.00274354,-81.71699889,452901,"28.00274354,-81.71699889",1,0,0,0,0,0,3,0,0,0,0,0,0,0,1,276836,0,0,0,0,0,2366221,0,0,0,0,0,0,0,49007,5,2692064
27,T.J. Maxx,FL,27.83769786,-82.78558611,447977,"27.83769786,-82.78558611",1,0,0,0,0,0,5,1,0,1,0,0,0,4,1,253964,0,0,0,0,0,3985741,225132,0,372268,0,0,0,1293355,66878,13,6197338
28,T.J. Maxx,FL,28.34259836,-81.43024952,440521,"28.34259836,-81.43024952",0,0,0,0,0,0,3,0,1,0,0,1,0,0,1,0,0,0,0,0,0,2416298,0,259322,0,0,836218,0,0,102408,6,3614246
29,T.J. Maxx,FL,25.94449895,-80.16804489,437395,"25.94449895,-80.16804489",1,0,0,0,0,0,6,0,0,2,0,0,1,4,1,307173,0,0,0,0,0,5855134,0,0,1022239,0,0,1208356,1959059,104558,15,10456519
30,T.J. Maxx,FL,28.35488355,-80.69962881,436561,"28.35488355,-80.69962881",1,0,0,0,0,0,2,0,0,0,0,0,0,0,1,92383,0,0,0,0,0,1975918,0,0,0,0,0,0,0,44295,4,2112596
31,T.J. Maxx,FL,28.85592895,-82.38808677,436022,"28.85592895,-82.38808677",0,0,0,0,0,0,1,0,0,0,0,0,0,1,1,0,0,0,0,0,0,947904,0,0,0,0,0,0,336688,67229,3,1351821
32,T.J. Maxx,FL,27.9343907,-82.5041293,433619,"27.9343907,-82.5041293",0,0,0,0,0,0,5,1,1,1,1,1,0,1,2,0,0,0,0,0,0,3980774,282179,471439,448635,824432,762569,0,303621,179835,13,7253484
33,T.J. Maxx,FL,28.98319412,-81.2970863,433588,"28.98319412,-81.2970863",0,0,0,0,0,0,1,0,0,0,0,1,0,0,0,0,0,0,0,0,0,1340854,0,0,0,0,636194,0,0,0,2,1977048
34,T.J. Maxx,FL,26.05054556,-80.1584286,432420,"26.05054556,-80.1584286",1,0,0,0,0,0,5,0,0,0,0,1,0,2,0,383014,0,0,0,0,0,4879932,0,0,0,0,764185,0,677737,0,9,6704868
35,T.J. Maxx,FL,28.09657182,-82.50415771,426394,"28.09657182,-82.50415771",1,0,0,0,0,0,5,1,1,0,0,0,1,1,0,182008,0,0,0,0,0,3837270,251894,280584,0,0,0,554225,401345,0,10,5507326
36,T.J. Maxx,FL,27.3912488,-82.45129698,425778,"27.3912488,-82.45129698",0,0,0,0,0,0,1,0,1,1,0,0,1,0,0,0,0,0,0,0,0,632409,0,281977,365584,0,0,829590,0,0,4,2109560
37,T.J. Maxx,FL,26.4087816,-81.80781382,424396,"26.4087816,-81.80781382",0,0,0,0,0,0,2,1,0,1,0,0,0,0,1,0,0,0,0,0,0,1120521,233243,0,201825,0,0,0,0,37980,5,1593569
38,T.J. Maxx,FL,28.24525552,-82.3519224,422295,"28.24525552,-82.3519224",0,0,0,0,0,0,1,0,0,0,0,0,0,1,0,0,0,0,0,0,0,945186,0,0,0,0,0,0,447786,0,2,1392972
39,T.J. Maxx,FL,27.17634489,-80.23343587,420282,"27.17634489,-80.23343587",1,0,0,0,0,0,2,1,1,0,0,0,0,1,1,313396,0,0,0,0,0,1062574,157248,349424,0,0,0,0,417173,55192,7,2355007
40,T.J. Maxx,FL,26.67048683,-80.20063747,420064,"26.67048683,-80.20063747",0,0,0,0,0,0,4,1,1,1,1,0,1,0,1,0,0,0,0,0,0,3262178,350351,249086,273927,708994,0,907618,0,66928,10,5819082
41,T.J. Maxx,FL,26.00591221,-80.29370672,417530,"26.00591221,-80.29370672",1,0,0,0,0,0,8,1,1,0,1,0,0,0,1,180401,0,0,0,0,0,6863001,263098,397661,0,920914,0,0,0,118505,13,8743580
42,T.J. Maxx,FL,30.17392564,-81.62531711,414246,"30.17392564,-81.62531711",1,0,0,0,0,0,3,0,1,0,1,1,1,2,1,192515,0,0,0,0,0,2197481,0,224047,0,496065,500827,566379,497512,100503,11,4775329
43,T.J. Maxx,FL,27.26705026,-80.42612145,412044,"27.26705026,-80.42612145",0,0,0,0,0,0,2,0,0,0,0,0,0,0,0,0,0,0,0,0,0,1604707,0,0,0,0,0,0,0,0,2,1604707
44,T.J. Maxx,FL,27.30044557,-82.51561173,407702,"27.30044557,-82.51561173",1,0,0,0,0,0,5,0,0,0,1,1,0,1,1,195747,0,0,0,0,0,4191291,0,0,0,842519,690664,0,239675,54068,10,6213964
45,T.J. Maxx,FL,28.65402248,-81.23824259,407213,"28.65402248,-81.23824259",1,0,0,0,0,0,4,1,1,0,0,1,0,0,1,368275,0,0,0,0,0,3406271,480198,250430,0,0,732743,0,0,103722,9,5341639
46,T.J. Maxx,FL,26.09446672,-80.24687382,404350,"26.09446672,-80.24687382",0,0,0,0,0,0,6,0,0,1,1,0,1,0,0,0,0,0,0,0,0,5141218,0,0,306673,905513,0,1379308,0,0,9,7732712
47,T.J. Maxx,FL,28.3437306,-81.61100861,403661,"28.3437306,-81.61100861",0,0,0,0,0,0,1,0,0,0,0,0,0,0,1,0,0,0,0,0,0,1449657,0,0,0,0,0,0,0,115504,2,1565161
48,T.J. Maxx,FL,24.56895824,-81.76467933,398704,"24.56895824,-81.76467933",0,0,0,0,0,0,2,0,0,0,0,0,0,1,0,0,0,0,0,0,0,2357953,0,0,0,0,0,0,597458,0,3,2955411
49,T.J. Maxx,FL,29.21491333,-81.09462894,394250,"29.21491333,-81.09462894",1,0,0,0,0,0,2,0,0,1,0,1,0,1,0,171424,0,0,0,0,0,1864563,0,0,299976,0,616339,0,303471,0,6,3255773
50,T.J. Maxx,FL,28.14520774,-82.74282158,393258,"28.14520774,-82.74282158",0,0,0,0,0,0,1,0,0,0,0,0,0,2,0,0,0,0,0,0,0,904716,0,0,0,0,0,0,667395,0,3,1572111
51,T.J. Maxx,FL,26.36939616,-80.18476253,388285,"26.36939616,-80.18476253",1,0,0,0,0,0,5,0,1,0,0,0,0,1,1,340853,0,0,0,0,0,5233462,0,321886,0,0,0,0,466128,100377,9,6462706
52,T.J. Maxx,FL,30.62725796,-81.54318296,384661,"30.62725796,-81.54318296",1,0,0,0,0,0,1,0,0,0,0,0,0,1,1,76809,0,0,0,0,0,1015565,0,0,0,0,0,0,359087,76269,4,1527730
53,T.J. Maxx,FL,27.03686694,-82.21180891,372532,"27.03686694,-82.21180891",1,0,0,0,0,0,2,0,0,0,0,1,0,0,1,209677,0,0,0,0,0,1531878,0,0,0,0,591320,0,0,37451,5,2370326
54,T.J. Maxx,FL,27.53392359,-82.5001003,361127,"27.53392359,-82.5001003",0,0,0,0,0,0,2,0,0,0,0,0,0,0,0,0,0,0,0,0,0,1903778,0,0,0,0,0,0,0,0,2,1903778
55,T.J. Maxx,FL,25.93157044,-80.13307806,358812,"25.93157044,-80.13307806",0,0,0,0,0,0,5,0,0,2,0,0,1,2,1,0,0,0,0,0,0,5084831,0,0,1022239,0,0,1208356,1350409,104558,11,8770393
56,T.J. Maxx,FL,25.84220634,-80.36722567,358548,"25.84220634,-80.36722567",1,0,0,0,0,0,4,0,0,0,0,1,0,1,0,500785,0,0,0,0,0,3433224,0,0,0,0,1161773,0,741267,0,7,5837049
57,T.J. Maxx,FL,25.77152352,-80.3586794,357749,"25.77152352,-80.3586794",2,0,0,0,0,0,5,0,0,0,0,0,0,2,0,800051,0,0,0,0,0,4872401,0,0,0,0,0,0,1561217,0,9,7233669
58,T.J. Maxx,FL,28.23810502,-80.72728213,350150,"28.23810502,-80.72728213",0,0,0,0,0,0,2,0,0,1,0,0,0,0,1,0,0,0,0,0,0,1883968,0,0,289296,0,0,0,0,48284,4,2221548
59,T.J. Maxx,FL,28.46601142,-81.45315319,345585,"28.46601142,-81.45315319",0,0,0,0,0,0,5,1,0,1,1,0,1,0,0,0,0,0,0,0,0,3949427,185185,0,461074,678907,0,1081987,0,0,9,6356580
60,T.J. Maxx,FL,26.24607539,-80.25473906,344990,"26.24607539,-80.25473906",1,0,0,0,0,0,7,0,1,1,1,3,1,0,0,278111,0,0,0,0,0,5763818,0,357329,347755,388874,1849932,577661,0,0,15,9563480
61,T.J. Maxx,FL,26.62472624,-81.94223871,342542,"26.62472624,-81.94223871",1,0,0,0,0,0,4,0,0,0,0,0,0,0,1,244614,0,0,0,0,0,3406872,0,0,0,0,0,0,0,98804,6,3750290
62,T.J. Maxx,FL,27.78777098,-82.72691369,339013,"27.78777098,-82.72691369",1,0,0,0,0,0,7,0,0,1,0,1,0,3,2,164925,0,0,0,0,0,5998984,0,0,372268,0,495820,0,808450,87545,15,7927992
63,T.J. Maxx,FL,25.64533932,-80.33584156,337427,"25.64533932,-80.33584156",0,0,0,0,0,0,4,0,1,1,0,0,1,0,0,0,0,0,0,0,0,3409989,0,656538,458028,0,0,1047807,0,0,7,5572362
64,T.J. Maxx,FL,30.19218922,-81.74298135,335570,"30.19218922,-81.74298135",0,0,0,0,0,0,2,0,0,0,0,0,0,1,1,0,0,0,0,0,0,1563376,0,0,0,0,0,0,393812,41283,4,1998471
65,T.J. Maxx,FL,27.99824863,-82.56452435,335513,"27.99824863,-82.56452435",1,0,0,0,0,0,2,0,0,0,0,1,0,0,0,184795,0,0,0,0,0,1919253,0,0,0,0,620514,0,0,0,4,2724562
66,T.J. Maxx,FL,28.53867377,-81.73534444,335203,"28.53867377,-81.73534444",1,0,0,0,0,0,2,0,0,0,0,0,0,1,1,296874,0,0,0,0,0,2147279,0,0,0,0,0,0,393542,214163,5,3051858
67,T.J. Maxx,FL,26.93601626,-80.09159423,333353,"26.93601626,-80.09159423",1,0,0,0,0,0,5,1,1,0,0,0,0,0,1,276391,0,0,0,0,0,3133119,553563,342207,0,0,0,0,0,45875,9,4351155
68,T.J. Maxx,FL,27.93010714,-82.7891115,333314,"27.93010714,-82.7891115",1,0,0,0,0,0,8,0,0,0,0,1,0,1,1,233930,0,0,0,0,0,5205472,0,0,0,0,628485,0,253935,55206,12,6377028
69,T.J. Maxx,FL,26.53119923,-80.08904205,330921,"26.53119923,-80.08904205",1,0,0,0,0,0,5,0,0,1,0,1,0,0,1,63477,0,0,0,0,0,4530525,0,0,332659,0,544660,0,0,65167,9,5536488
70,T.J. Maxx,FL,29.47775566,-81.2153126,330474,"29.47775566,-81.2153126",1,0,0,0,0,0,1,0,0,0,0,0,0,1,0,234330,0,0,0,0,0,722689,0,0,0,0,0,0,374739,0,3,1331758
71,T.J. Maxx,FL,26.00974618,-80.35720031,320118,"26.00974618,-80.35720031",1,0,0,0,0,0,5,0,1,1,1,0,1,1,1,440788,0,0,0,0,0,4567787,0,397661,412301,920914,0,1089807,628154,94528,12,8551940
72,T.J. Maxx,FL,27.6385425,-80.38230785,318362,"27.6385425,-80.38230785",0,0,0,0,0,0,2,0,1,0,0,1,0,0,1,0,0,0,0,0,0,1731460,0,315764,0,0,492526,0,0,88330,5,2628080
73,T.J. Maxx,FL,28.81919966,-81.67658074,317349,"28.81919966,-81.67658074",1,0,0,0,0,0,2,0,0,0,0,0,0,1,1,276508,0,0,0,0,0,1946068,0,0,0,0,0,0,507220,79212,5,2809008
74,T.J. Maxx,FL,26.8431894,-80.07067753,309767,"26.8431894,-80.07067753",0,0,0,0,0,0,5,0,0,1,1,0,1,0,1,0,0,0,0,0,0,3674284,0,0,353129,754631,0,991086,0,62829,9,5835959
75,T.J. Maxx,FL,28.93295269,-81.93829386,308812,"28.93295269,-81.93829386",1,0,0,0,0,0,2,0,0,1,0,0,0,2,1,248988,0,0,0,0,0,1634026,0,0,628375,0,0,0,969858,34190,7,3515437
76,T.J. Maxx,FL,26.44302204,-80.07223489,302075,"26.44302204,-80.07223489",0,0,0,0,0,0,3,0,1,0,1,1,1,0,1,0,0,0,0,0,0,1790768,0,236735,0,672562,431792,815893,0,24617,8,3972367
77,T.J. Maxx,FL,28.6278281,-81.31945704,299426,"28.6278281,-81.31945704",2,0,0,0,0,0,4,1,0,0,0,1,0,1,1,497365,0,0,0,0,0,3108631,347518,0,0,0,732743,0,429758,55159,10,5171174
78,T.J. Maxx,FL,28.23348648,-82.73085927,296551,"28.23348648,-82.73085927",1,0,0,0,0,0,2,0,0,0,0,0,0,3,0,233929,0,0,0,0,0,1461695,0,0,0,0,0,0,941454,0,6,2637078
79,T.J. Maxx,FL,28.51589552,-81.37907899,280372,"28.51589552,-81.37907899",1,0,0,0,0,0,4,0,0,0,0,2,0,1,1,130063,0,0,0,0,0,3318489,0,0,0,0,1135504,0,224582,87033,9,4895671
80,T.J. Maxx,FL,28.34613124,-81.482625,276207,"28.34613124,-81.482625",1,0,0,0,0,0,3,0,0,0,0,0,0,0,0,226313,0,0,0,0,0,3971916,0,0,0,0,0,0,0,0,4,4198229
81,T.J. Maxx,FL,28.26414526,-82.18649301,271995,"28.26414526,-82.18649301",0,0,0,0,0,0,1,0,0,0,0,0,0,2,0,0,0,0,0,0,0,877443,0,0,0,0,0,0,481536,0,3,1358979
82,T.J. Maxx,FL,28.65683065,-81.42086953,264589,"28.65683065,-81.42086953",1,0,0,0,0,0,6,0,0,1,0,1,1,1,1,369987,0,0,0,0,0,5094544,0,0,320848,0,887058,646675,486547,45873,12,7851532
83,T.J. Maxx,FL,28.39139541,-81.24781724,264054,"28.39139541,-81.24781724",1,0,0,0,0,0,2,0,0,0,0,0,0,0,1,221831,0,0,0,0,0,1377913,0,0,0,0,0,0,0,91784,4,1691528
84,T.J. Maxx,FL,26.60843087,-81.81345361,239397,"26.60843087,-81.81345361",0,0,0,0,0,0,1,0,0,0,0,0,0,1,0,0,0,0,0,0,0,1093090,0,0,0,0,0,0,483102,0,2,1576192
85,T.J. Maxx,FL,30.26072448,-81.6244509,182806,"30.26072448,-81.6244509",1,0,0,0,0,0,1,0,0,0,0,0,0,1,1,145739,0,0,0,0,0,1149606,0,0,0,0,0,0,385896,35277,4,1716518
86,T.J. Maxx,FL,26.09717542,-80.12949882,179403,"26.09717542,-80.12949882",1,0,0,0,0,0,3,0,1,1,0,0,1,3,0,220319,0,0,0,0,0,2968529,0,498725,230919,0,0,475549,941435,0,10,5335476
87,T.J. Maxx,FL,27.43332377,-82.57887006,134530,"27.43332377,-82.57887006",2,0,0,0,0,0,2,0,0,0,0,0,0,2,1,317604,0,0,0,0,0,1993089,0,0,0,0,0,0,766681,77706,7,3155080
88,T.J. Maxx,FL,25.88796775,-80.16249003,112783,"25.88796775,-80.16249003",1,0,0,0,0,0,5,0,0,1,0,0,1,0,1,625381,0,0,0,0,0,6153005,0,0,529603,0,0,1388747,0,104558,9,8801294
1,T.J. Maxx,AL,34.82570805,-87.62562727,757204,"34.82570805,-87.62562727",1,0,0,0,0,0,1,0,0,0,0,1,0,0,0,242998,0,0,0,0,0,908940,0,0,0,0,680293,0,0,0,3,1832231
2,T.J. Maxx,AL,31.2460136,-85.424775,710596,"31.2460136,-85.424775",0,0,0,0,0,2,2,0,0,0,0,1,0,1,0,0,0,0,0,0,245752,1843053,0,0,0,0,1034174,0,416448,0,6,3539427
3,T.J. Maxx,AL,33.39335053,-86.80787109,676723,"33.39335053,-86.80787109",0,0,0,0,0,0,1,0,0,0,0,2,0,0,0,0,0,0,0,0,0,758783,0,0,0,0,1339123,0,0,0,3,2097906
4,T.J. Maxx,AL,32.61772288,-85.40596121,672003,"32.61772288,-85.40596121",1,0,0,0,1,1,1,0,0,0,0,1,0,0,0,234191,0,0,0,1478122,173806,803157,0,0,0,0,575146,0,0,0,5,3264422
5,T.J. Maxx,AL,34.01266801,-85.98970988,595703,"34.01266801,-85.98970988",1,0,0,0,0,0,0,0,0,0,0,0,0,0,0,275791,0,0,0,0,0,0,0,0,0,0,0,0,0,0,1,275791
6,T.J. Maxx,AL,33.18497378,-87.52800996,585935,"33.18497378,-87.52800996",1,0,0,0,0,2,1,0,1,0,0,1,0,1,0,461164,0,0,0,0,215765,796937,0,332089,0,0,811224,0,394169,0,7,3011348
7,T.J. Maxx,AL,34.27934442,-86.20673902,550241,"34.27934442,-86.20673902",0,0,0,0,0,1,0,0,0,0,0,0,0,0,0,0,0,0,0,0,137224,0,0,0,0,0,0,0,0,0,1,137224
8,T.J. Maxx,AL,32.45711144,-86.3968484,548695,"32.45711144,-86.3968484",1,0,0,0,0,0,1,0,0,0,0,0,0,0,0,240610,0,0,0,0,0,1039268,0,0,0,0,0,0,0,0,2,1279878
9,T.J. Maxx,AL,33.60483555,-86.63828671,531727,"33.60483555,-86.63828671",1,0,0,0,0,0,0,0,0,0,0,0,0,1,0,292778,0,0,0,0,0,0,0,0,0,0,0,0,469357,0,2,762135
10,T.J. Maxx,AL,33.60837815,-85.78320548,531480,"33.60837815,-85.78320548",1,0,0,0,0,0,1,0,0,0,0,0,0,1,0,247985,0,0,0,0,0,1011559,0,0,0,0,0,0,502347,0,3,1761891
11,T.J. Maxx,AL,33.22367944,-86.80391794,524758,"33.22367944,-86.80391794",1,0,0,0,0,0,1,0,0,0,0,1,0,0,0,255259,0,0,0,0,0,889756,0,0,0,0,723874,0,0,0,3,1868889
12,T.J. Maxx,AL,34.15084311,-86.83897821,522109,"34.15084311,-86.83897821",1,0,0,0,0,0,1,0,0,0,0,0,0,0,0,196315,0,0,0,0,0,766198,0,0,0,0,0,0,0,0,2,962513
13,T.J. Maxx,AL,34.68981044,-86.57808509,520098,"34.68981044,-86.57808509",1,0,0,0,1,0,2,0,1,0,0,0,1,0,0,142973,0,0,0,624766,0,1391381,0,347958,0,0,0,697483,0,0,6,3204561
14,T.J. Maxx,AL,32.34508806,-86.22138895,510554,"32.34508806,-86.22138895",1,0,0,0,0,0,3,0,1,0,0,1,1,1,0,301500,0,0,0,0,0,3279361,0,393555,0,0,1046744,462819,603234,0,8,6087213
15,T.J. Maxx,AL,33.64939863,-86.823636,489876,"33.64939863,-86.823636",0,0,0,0,0,0,1,0,0,0,0,0,0,0,0,0,0,0,0,0,0,1052756,0,0,0,0,0,0,0,0,1,1052756
16,T.J. Maxx,AL,34.75703117,-86.73690152,485713,"34.75703117,-86.73690152",1,0,0,0,1,0,2,1,0,0,0,1,0,0,0,157785,0,0,0,1178949,0,988018,217720,0,0,0,505329,0,0,0,6,3047801
17,T.J. Maxx,AL,30.65283447,-87.90662753,471157,"30.65283447,-87.90662753",0,0,0,0,0,0,1,0,1,0,0,0,0,0,0,0,0,0,0,0,0,485905,0,259947,0,0,0,0,0,0,2,745852
18,T.J. Maxx,AL,31.3179396,-85.82869189,469954,"31.3179396,-85.82869189",0,0,0,0,0,2,1,0,0,0,0,0,0,0,0,0,0,0,0,0,123489,1226383,0,0,0,0,0,0,0,0,3,1349872
19,T.J. Maxx,AL,30.37584144,-87.67847689,458653,"30.37584144,-87.67847689",0,0,0,0,0,1,1,0,0,0,0,0,0,1,0,0,0,0,0,0,219442,702358,0,0,0,0,0,0,388562,0,3,1310362
20,T.J. Maxx,AL,33.84977072,-87.26907566,456588,"33.84977072,-87.26907566",1,0,0,0,0,0,0,0,0,0,0,0,0,1,0,239508,0,0,0,0,0,0,0,0,0,0,0,0,408060,0,2,647568
21,T.J. Maxx,AL,33.4218513,-86.69223753,422139,"33.4218513,-86.69223753",1,0,0,0,0,0,3,1,1,0,1,0,0,1,0,169309,0,0,0,0,0,1699745,191376,188122,0,1144672,0,0,323736,0,8,3716960
22,T.J. Maxx,AL,30.67742241,-88.14683993,365909,"30.67742241,-88.14683993",0,0,0,0,0,0,1,0,1,0,0,4,1,1,0,0,0,0,0,0,0,1155486,0,670136,0,0,2630621,397870,358646,0,8,5212759
23,T.J. Maxx,AL,31.77784479,-85.9452729,347167,"31.77784479,-85.9452729",0,0,0,0,0,2,0,0,0,0,0,0,0,0,0,0,0,0,0,0,466516,0,0,0,0,0,0,0,0,0,2,466516
24,T.J. Maxx,AL,33.33548414,-86.99132475,314216,"33.33548414,-86.99132475",0,0,0,0,0,1,1,0,0,0,0,0,0,0,0,0,0,0,0,0,548328,963464,0,0,0,0,0,0,0,0,2,1511792
25,T.J. Maxx,AL,33.17396136,-86.28282353,296829,"33.17396136,-86.28282353",0,0,0,0,0,2,0,0,0,0,0,0,0,0,0,0,0,0,0,0,550161,0,0,0,0,0,0,0,0,0,2,550161
1,Marshalls,TN,35.90036903,-84.16504292,667805,"35.90036903,-84.16504292",0,1,0,1,1,0,1,0,1,1,0,0,0,0,0,0,347113,0,552784,1337301,0,641018,0,248678,587151,0,0,0,0,0,6,3714045
2,Marshalls,TN,36.59428253,-82.26120263,603255,"36.59428253,-82.26120263",0.0,0.0,0.0,0.0,0.0,0.0,0.0,0.0,0.0,0.0,0.0,0.0,0.0,0.0,0.0,0.0,0.0,0.0,0.0,0.0,0.0,0.0,0.0,0.0,0.0,0.0,0.0,0.0,0.0,0.0,0,0
3,Marshalls,TN,36.00560161,-84.02129132,561367,"36.00560161,-84.02129132",1,2,0,0,2,0,0,0,0,0,0,1,0,0,0,171183,798885,0,0,1692199,0,0,0,0,0,0,595882,0,0,0,6,3258149
4,Marshalls,TN,36.06464859,-87.38214268,498539,"36.06464859,-87.38214268",0,0,0,0,1,0,0,0,0,0,0,0,0,0,0,0,0,0,0,1257352,0,0,0,0,0,0,0,0,0,0,1,1257352
5,Marshalls,TN,35.7947587,-83.55793115,482572,"35.7947587,-83.55793115",0,2,0,0,1,0,1,0,0,0,0,0,0,0,0,0,1458230,0,0,1705487,0,1665507,0,0,0,0,0,0,0,0,4,4829224
6,Marshalls,TN,35.66831885,-88.86081176,429958,"35.66831885,-88.86081176",1,0,0,0,3,0,0,0,0,0,0,0,0,0,0,237039,0,0,0,3527270,0,0,0,0,0,0,0,0,0,0,4,3764309
7,Marshalls,TN,35.06692717,-89.75868571,425903,"35.06692717,-89.75868571",0,0,0,0,2,0,0,1,1,0,1,0,1,0,0,0,0,0,0,2103440,0,0,530261,247639,0,787341,0,547879,0,0,6,4216560
8,Marshalls,TN,35.03060566,-85.1603834,404148,"35.03060566,-85.1603834",2,2,0,0,0,0,2,0,1,0,0,1,1,0,0,311052,679973,0,0,0,0,1570697,0,363510,0,0,623293,395194,0,0,9,3943719
9,Marshalls,TN,36.50635176,-87.27211958,380377,"36.50635176,-87.27211958",0,0,1,0,0,0,2,0,0,0,0,0,0,0,0,0,0,426001,0,0,0,1446650,0,0,0,0,0,0,0,0,3,1872651
10,Marshalls,TN,35.1717264,-89.79537508,376821,"35.1717264,-89.79537508",1,0,0,0,3,0,0,0,0,0,0,0,0,0,0,183375,0,0,0,3831425,0,0,0,0,0,0,0,0,0,0,4,4014800
11,Marshalls,TN,36.18078371,-86.63873721,357338,"36.18078371,-86.63873721",0,0,1,0,2,0,1,0,0,0,0,0,0,0,0,0,0,366969,0,2052841,0,781881,0,0,0,0,0,0,0,0,4,3201691
12,Marshalls,TN,36.058481,-89.38297864,346149,"36.058481,-89.38297864",0,0,0,0,1,0,0,0,0,0,0,0,0,0,0,0,0,0,0,888682,0,0,0,0,0,0,0,0,0,0,1,888682
13,Marshalls,TN,35.85514928,-86.42752802,345718,"35.85514928,-86.42752802",1,0,0,0,2,0,1,1,0,0,0,1,0,0,0,208080,0,0,0,1194441,0,586670,289414,0,0,0,634993,0,0,0,6,2913598
14,Marshalls,TN,35.05252409,-89.80833985,340179,"35.05252409,-89.80833985",1,0,0,0,4,0,0,1,0,0,1,1,1,0,0,161518,0,0,0,4329661,0,0,530261,0,0,787341,759544,547879,0,0,9,7116204
15,Marshalls,TN,35.15531384,-85.2457901,319111,"35.15531384,-85.2457901",1,1,0,0,0,0,1,0,0,0,0,1,0,0,0,197913,493272,0,0,0,0,1049236,0,0,0,0,521733,0,0,0,4,2262154
16,Marshalls,TN,35.9487633,-86.8177021,294725,"35.9487633,-86.8177021",2,0,0,0,1,0,3,1,0,0,0,0,1,0,0,212424,0,0,0,616885,0,1885356,355918,0,0,0,0,904768,0,0,8,3975351
17,Marshalls,TN,35.20774682,-89.89610965,274228,"35.20774682,-89.89610965",1,0,0,0,2,0,0,0,0,0,0,0,0,0,0,141717,0,0,0,2289621,0,0,0,0,0,0,0,0,0,0,3,2431338
18,Marshalls,TN,36.13668573,-86.89025267,256613,"36.13668573,-86.89025267",1,0,0,0,2,0,2,0,0,0,1,0,0,0,0,135297,0,0,0,1086793,0,1913224,0,0,0,646805,0,0,0,0,6,3782119
19,Marshalls,TN,36.17549394,-82.79590644,247037,"36.17549394,-82.79590644",1,2,0,1,0,0,1,0,0,0,0,0,0,0,0,212609,798302,0,507739,0,0,455931,0,0,0,0,0,0,0,0,5,1974581
20,Marshalls,TN,36.03737298,-83.8873844,241529,"36.03737298,-83.8873844",1,2,0,0,2,0,0,0,0,0,0,0,0,0,0,75673,826252,0,0,1683637,0,0,0,0,0,0,0,0,0,0,5,2585562
21,Marshalls,TN,36.32191681,-86.6014702,199711,"36.32191681,-86.6014702",1,0,0,0,2,0,1,0,0,0,0,0,0,0,0,208408,0,0,0,1798727,0,508425,0,0,0,0,0,0,0,0,4,2515560
1,Marshalls,FL,26.6834479,-80.22362638,819819,"26.6834479,-80.22362638",0,0,0,0,0,0,4,1,1,1,0,0,0,1,1,0,0,0,0,0,0,3391729,350351,249086,273927,0,0,0,290115,66928,9,4622136
2,Marshalls,FL,29.11130473,-81.03616413,754601,"29.11130473,-81.03616413",0,0,0,0,0,0,2,0,0,0,0,1,0,1,1,0,0,0,0,0,0,2156466,0,0,0,0,654059,0,397994,55846,5,3264365
3,Marshalls,FL,27.63733172,-80.44914495,702859,"27.63733172,-80.44914495",0,0,0,0,0,0,1,0,0,0,0,0,0,0,1,0,0,0,0,0,0,907942,0,0,0,0,0,0,0,56806,2,964748
4,Marshalls,FL,28.52103765,-81.58389624,650072,"28.52103765,-81.58389624",2,0,0,0,0,0,3,0,0,0,0,0,0,0,0,397017,0,0,0,0,0,2110017,0,0,0,0,0,0,0,0,5,2507034
5,Marshalls,FL,25.86463408,-80.31606456,622791,"25.86463408,-80.31606456",1,0,0,0,0,0,4,0,0,0,0,2,0,0,0,266960,0,0,0,0,0,4383133,0,0,0,0,2376702,0,0,0,7,7026795
6,Marshalls,FL,29.86862798,-81.32534911,599968,"29.86862798,-81.32534911",1,0,0,0,0,0,1,0,0,0,0,0,0,1,1,247066,0,0,0,0,0,945844,0,0,0,0,0,0,328952,92268,4,1614130
7,Marshalls,FL,25.74786693,-80.38838071,562742,"25.74786693,-80.38838071",1,0,0,0,0,0,4,0,0,0,0,1,0,1,0,335955,0,0,0,0,0,4286044,0,0,0,0,731704,0,819950,0,7,6173653
8,Marshalls,FL,28.34226274,-81.41032988,559928,"28.34226274,-81.41032988",1,0,0,0,0,0,4,0,1,0,0,2,0,0,1,215268,0,0,0,0,0,3001373,0,259322,0,0,1385039,0,0,102408,9,4963410
9,Marshalls,FL,27.99839165,-81.96058114,559641,"27.99839165,-81.96058114",0,0,0,0,0,0,4,0,0,0,0,0,0,1,1,0,0,0,0,0,0,3806418,0,0,0,0,0,0,278253,84820,6,4169491
10,Marshalls,FL,28.20242974,-82.66406799,555623,"28.20242974,-82.66406799",0,0,0,0,0,0,3,1,0,0,0,0,0,0,1,0,0,0,0,0,0,2210101,441763,0,0,0,0,0,0,80931,5,2732795
11,Marshalls,FL,28.02853219,-82.50300763,552525,"28.02853219,-82.50300763",0,0,0,0,0,0,3,0,1,0,0,3,0,1,0,0,0,0,0,0,0,2790635,0,280584,0,0,1686674,0,360215,0,8,5118108
12,Marshalls,FL,26.14945018,-80.32563391,548214,"26.14945018,-80.32563391",1,0,0,0,0,0,4,0,1,0,0,0,0,1,1,321452,0,0,0,0,0,3537720,0,355692,0,0,0,0,551755,89861,8,4856480
13,Marshalls,FL,30.27075293,-81.39014639,541376,"30.27075293,-81.39014639",0,0,0,0,0,0,3,0,0,0,1,0,1,0,1,0,0,0,0,0,0,2323519,0,0,0,527508,0,417351,0,64297,6,3332675
14,Marshalls,FL,29.62730729,-82.38218874,527287,"29.62730729,-82.38218874",1,0,0,0,0,0,4,0,0,1,1,0,1,0,2,336916,0,0,0,0,0,3801957,0,0,287997,836018,0,669524,0,72526,10,6004938
15,Marshalls,FL,28.53635626,-82.50622751,502202,"28.53635626,-82.50622751",1,0,0,0,0,0,0,0,0,0,0,0,0,0,0,242779,0,0,0,0,0,0,0,0,0,0,0,0,0,0,1,242779
16,Marshalls,FL,25.6861927,-80.42254009,483807,"25.6861927,-80.42254009",3,0,0,0,0,0,10,0,0,1,0,0,0,0,1,1258922,0,0,0,0,0,8305562,0,0,382100,0,0,0,0,99353,15,10045937
17,Marshalls,FL,27.94261139,-82.32225189,482310,"27.94261139,-82.32225189",2,0,0,0,0,0,4,0,0,1,0,0,0,1,0,467862,0,0,0,0,0,3574433,0,0,380139,0,0,0,344668,0,8,4767102
18,Marshalls,FL,25.93155015,-80.12302813,481957,"25.93155015,-80.12302813",0,0,0,0,0,0,5,0,0,2,0,0,1,2,1,0,0,0,0,0,0,5084831,0,0,1022239,0,0,1208356,1350409,104558,11,8770393
19,Marshalls,FL,28.60393079,-81.36809838,473033,"28.60393079,-81.36809838",0,0,0,0,0,0,5,1,1,0,1,1,1,0,2,0,0,0,0,0,0,3700353,347518,318836,0,873882,492679,741172,0,90070,12,6564510
20,Marshalls,FL,28.93027812,-82.01828307,466065,"28.93027812,-82.01828307",1,0,0,0,0,0,1,0,1,0,0,0,0,0,0,171629,0,0,0,0,0,908927,0,326003,0,0,0,0,0,0,3,1406559
21,Marshalls,FL,26.96015233,-80.08295057,458671,"26.96015233,-80.08295057",0,0,0,0,0,0,3,0,1,0,0,0,0,0,1,0,0,0,0,0,0,1798128,0,342207,0,0,0,0,0,45875,5,2186210
22,Marshalls,FL,30.22129622,-85.8701446,454293,"30.22129622,-85.8701446",0,0,0,0,0,0,0,0,1,0,0,0,0,0,0,0,0,0,0,0,0,0,0,225589,0,0,0,0,0,0,1,225589
23,Marshalls,FL,27.79620131,-82.33245096,453903,"27.79620131,-82.33245096",1,0,0,0,0,0,3,1,0,0,0,1,0,1,0,93406,0,0,0,0,0,2381956,237719,0,0,0,730499,0,417464,0,7,3861044
24,Marshalls,FL,27.39169372,-82.45327833,436709,"27.39169372,-82.45327833",0,0,0,0,0,0,1,0,1,1,0,0,1,0,0,0,0,0,0,0,0,632409,0,281977,365584,0,0,829590,0,0,4,2109560
25,Marshalls,FL,28.17546464,-82.35555788,435297,"28.17546464,-82.35555788",1,0,0,0,0,0,2,1,0,0,0,0,0,1,1,333749,0,0,0,0,0,2385498,328855,0,0,0,0,0,324534,125316,6,3497952
26,Marshalls,FL,27.49891405,-81.485903,429195,"27.49891405,-81.485903",1,0,0,0,0,0,1,0,0,0,0,0,0,1,1,316995,0,0,0,0,0,1024959,0,0,0,0,0,0,283253,89002,4,1714209
27,Marshalls,FL,30.44015803,-84.25826912,427271,"30.44015803,-84.25826912",0,0,0,0,0,0,4,0,0,0,0,0,1,1,2,0,0,0,0,0,0,3945164,0,0,0,0,0,455722,389687,153852,8,4944425
28,Marshalls,FL,25.80987875,-80.19355365,424338,"25.80987875,-80.19355365",0,0,0,0,0,0,4,0,0,0,0,0,1,2,0,0,0,0,0,0,0,3815667,0,0,0,0,0,863779,1193924,0,7,5873370
29,Marshalls,FL,26.48581527,-81.78940397,423864,"26.48581527,-81.78940397",0.0,0.0,0.0,0.0,0.0,0.0,0.0,0.0,0.0,0.0,0.0,0.0,0.0,0.0,0.0,0.0,0.0,0.0,0.0,0.0,0.0,0.0,0.0,0.0,0.0,0.0,0.0,0.0,0.0,0.0,0,0
30,Marshalls,FL,28.05040396,-82.69797409,417388,"28.05040396,-82.69797409",1,0,0,0,0,0,4,0,0,1,0,1,0,0,0,204175,0,0,0,0,0,3392877,0,0,240257,0,594578,0,0,0,7,4431887
31,Marshalls,FL,26.21278703,-80.10717035,415341,"26.21278703,-80.10717035",2,0,0,0,0,0,6,0,1,0,0,1,0,1,0,537472,0,0,0,0,0,5021535,0,390019,0,0,757405,0,292893,0,11,6999324
32,Marshalls,FL,25.48042614,-80.46169303,414816,"25.48042614,-80.46169303",1,0,0,0,0,0,2,0,0,0,0,1,0,1,0,296086,0,0,0,0,0,2663736,0,0,0,0,722975,0,410546,0,5,4093343
33,Marshalls,FL,30.38944671,-86.43912186,406771,"30.38944671,-86.43912186",0,0,0,0,0,0,1,0,1,0,0,0,1,0,1,0,0,0,0,0,0,1531016,0,194367,0,0,0,546963,0,147558,4,2419904
34,Marshalls,FL,26.17261584,-81.80103344,406080,"26.17261584,-81.80103344",0,0,0,0,0,0,2,0,1,0,0,0,0,0,0,0,0,0,0,0,0,1546556,0,203764,0,0,0,0,0,0,3,1750320
35,Marshalls,FL,27.23554687,-80.26661916,403317,"27.23554687,-80.26661916",1,0,0,0,0,0,3,0,0,1,0,0,0,1,0,273222,0,0,0,0,0,1922603,0,0,342962,0,0,0,211438,0,6,2750225
36,Marshalls,FL,26.31571519,-80.15697515,396312,"26.31571519,-80.15697515",1,0,0,0,0,0,6,0,0,0,0,1,0,1,0,297929,0,0,0,0,0,4906099,0,0,0,0,944260,0,466128,0,9,6614416
37,Marshalls,FL,26.84377179,-80.0737879,395690,"26.84377179,-80.0737879",0,0,0,0,0,0,5,0,0,1,1,0,1,0,1,0,0,0,0,0,0,3674284,0,0,353129,754631,0,991086,0,62829,9,5835959
38,Marshalls,FL,29.13878799,-82.19278881,394080,"29.13878799,-82.19278881",1,0,0,0,0,0,2,0,0,0,0,0,0,0,1,217756,0,0,0,0,0,1983551,0,0,0,0,0,0,0,122214,4,2323521
39,Marshalls,FL,26.58642025,-81.86958965,393505,"26.58642025,-81.86958965",1,0,0,0,0,0,3,0,1,1,1,0,0,1,0,192245,0,0,0,0,0,2535413,0,327219,422594,548098,0,0,257582,0,8,4283151
40,Marshalls,FL,28.49535372,-81.43035435,392484,"28.49535372,-81.43035435",1,0,0,0,0,0,2,0,0,1,0,1,0,0,1,130063,0,0,0,0,0,1758306,0,0,461074,0,488467,0,0,29092,6,2867002
41,Marshalls,FL,27.01499547,-82.14422047,376088,"27.01499547,-82.14422047",1,0,0,0,0,0,1,0,0,0,0,1,0,0,0,244671,0,0,0,0,0,944952,0,0,0,0,770068,0,0,0,3,1959691
42,Marshalls,FL,28.03888338,-80.66485967,375449,"28.03888338,-80.66485967",1,0,0,0,0,0,3,0,0,0,0,1,0,3,1,306351,0,0,0,0,0,2926731,0,0,0,0,618759,0,1167827,59149,9,5078817
43,Marshalls,FL,26.27086874,-81.79847013,374136,"26.27086874,-81.79847013",0,0,0,0,0,0,3,0,0,0,1,0,1,0,1,0,0,0,0,0,0,2665992,0,0,0,441636,0,972536,0,94937,6,4175101
44,Marshalls,FL,26.36594881,-80.1735641,367379,"26.36594881,-80.1735641",1,0,0,0,0,0,5,0,1,0,0,0,0,1,1,340853,0,0,0,0,0,4596941,0,321886,0,0,0,0,466128,100377,9,5826185
45,Marshalls,FL,26.04343239,-80.15896058,363170,"26.04343239,-80.15896058",1,0,0,0,0,0,5,0,0,0,0,1,0,1,0,383014,0,0,0,0,0,4879932,0,0,0,0,764185,0,286012,0,8,6313143
46,Marshalls,FL,26.52946565,-80.09281893,360793,"26.52946565,-80.09281893",1,0,0,0,0,0,5,0,0,1,0,1,0,0,1,63477,0,0,0,0,0,4530525,0,0,332659,0,544660,0,0,65167,9,5536488
47,Marshalls,FL,30.48249025,-81.6407356,360382,"30.48249025,-81.6407356",1,0,0,0,0,0,1,0,0,0,0,0,0,1,0,244801,0,0,0,0,0,1450882,0,0,0,0,0,0,530311,0,3,2225994
48,Marshalls,FL,26.28817959,-80.24929148,358726,"26.28817959,-80.24929148",1,0,0,0,0,0,7,0,1,1,1,1,0,0,0,296681,0,0,0,0,0,5824711,0,357329,347755,388874,562812,0,0,0,12,7778162
49,Marshalls,FL,28.67530247,-81.4710751,358512,"28.67530247,-81.4710751",1,0,0,0,0,0,2,0,0,0,0,1,0,0,0,257554,0,0,0,0,0,1452682,0,0,0,0,887058,0,0,0,4,2597294
50,Marshalls,FL,28.39222915,-81.48445473,356655,"28.39222915,-81.48445473",0,0,0,0,0,0,2,0,0,0,0,0,0,1,1,0,0,0,0,0,0,2439100,0,0,0,0,0,0,189302,109783,4,2738185
51,Marshalls,FL,28.22398965,-81.64276718,356560,"28.22398965,-81.64276718",0.0,0.0,0.0,0.0,0.0,0.0,0.0,0.0,0.0,0.0,0.0,0.0,0.0,0.0,0.0,0.0,0.0,0.0,0.0,0.0,0.0,0.0,0.0,0.0,0.0,0.0,0.0,0.0,0.0,0.0,0,0
52,Marshalls,FL,27.26052384,-82.51795607,350911,"27.26052384,-82.51795607",1,0,0,0,0,0,5,1,0,1,1,1,0,0,1,195747,0,0,0,0,0,3959445,312877,0,249120,842519,690664,0,0,54068,11,6304440
53,Marshalls,FL,30.17570908,-81.62667292,341760,"30.17570908,-81.62667292",1,0,0,0,0,0,3,0,1,0,1,1,1,2,1,192515,0,0,0,0,0,2197481,0,224047,0,496065,500827,566379,497512,100503,11,4775329
54,Marshalls,FL,28.47550606,-81.28715209,339297,"28.47550606,-81.28715209",1,0,0,0,0,0,3,0,0,0,0,2,0,0,0,169842,0,0,0,0,0,2702782,0,0,0,0,2351913,0,0,0,6,5224537
55,Marshalls,FL,25.62066372,-80.34234868,335509,"25.62066372,-80.34234868",0,0,0,0,0,0,5,0,1,1,0,0,0,1,0,0,0,0,0,0,0,4375566,0,656538,458028,0,0,0,529015,0,8,6019147
56,Marshalls,FL,28.55145091,-80.84290999,335028,"28.55145091,-80.84290999",1,0,0,0,0,0,1,0,0,0,0,0,0,1,0,230324,0,0,0,0,0,1009843,0,0,0,0,0,0,169981,0,3,1410148
57,Marshalls,FL,26.44065508,-80.07277198,332075,"26.44065508,-80.07277198",0,0,0,0,0,0,3,0,1,0,1,1,1,0,1,0,0,0,0,0,0,1790768,0,236735,0,672562,431792,815893,0,24617,8,3972367
58,Marshalls,FL,27.90785906,-82.50472481,331600,"27.90785906,-82.50472481",0,0,0,0,0,0,4,1,1,0,1,0,0,1,2,0,0,0,0,0,0,3235880,282179,471439,0,824432,0,0,303621,179835,10,5297386
59,Marshalls,FL,27.98832505,-82.1249478,330807,"27.98832505,-82.1249478",1,0,0,0,0,0,2,0,0,0,0,0,0,1,0,272094,0,0,0,0,0,2552353,0,0,0,0,0,0,650201,0,4,3474648
60,Marshalls,FL,25.98142858,-80.35797757,323604,"25.98142858,-80.35797757",1,0,0,0,0,0,6,0,0,1,0,0,1,1,1,440788,0,0,0,0,0,5854776,0,0,412301,0,0,1089807,628154,94528,11,8520354
61,Marshalls,FL,28.79847527,-81.3341345,320817,"28.79847527,-81.3341345",1,0,0,0,0,0,3,0,0,0,0,1,0,1,1,251899,0,0,0,0,0,2735932,0,0,0,0,503348,0,321790,75196,7,3888165
62,Marshalls,FL,27.96626249,-82.72824974,315075,"27.96626249,-82.72824974",1,0,0,0,0,0,3,1,1,0,0,1,0,0,0,338981,0,0,0,0,0,2899054,264749,314702,0,0,511295,0,0,0,7,4328781
63,Marshalls,FL,26.01274602,-80.25153526,309341,"26.01274602,-80.25153526",3,0,0,0,0,0,8,0,0,0,0,1,0,0,1,753445,0,0,0,0,0,7037433,0,0,0,0,704686,0,0,118505,13,8614069
64,Marshalls,FL,27.46365197,-82.63403533,305582,"27.46365197,-82.63403533",1,0,0,0,0,0,3,0,1,0,0,0,0,2,1,242535,0,0,0,0,0,3280245,0,228865,0,0,0,0,667640,100751,8,4520036
65,Marshalls,FL,26.6160286,-80.14417633,302981,"26.6160286,-80.14417633",1,0,0,0,0,0,4,0,0,0,0,2,0,0,0,293414,0,0,0,0,0,3494140,0,0,0,0,1337684,0,0,0,7,5125238
66,Marshalls,FL,28.66364034,-81.38252103,287427,"28.66364034,-81.38252103",2,0,0,0,0,0,6,0,0,1,0,0,1,3,1,594364,0,0,0,0,0,4538518,0,0,320848,0,0,646675,1465098,45873,14,7611376
67,Marshalls,FL,28.26592456,-81.3308053,285714,"28.26592456,-81.3308053",1,0,0,0,0,0,2,0,0,0,0,0,0,0,0,167750,0,0,0,0,0,1530567,0,0,0,0,0,0,0,0,3,1698317
68,Marshalls,FL,25.8314203,-80.25975734,283748,"25.8314203,-80.25975734",0,0,0,0,0,0,2,0,0,0,0,0,0,1,0,0,0,0,0,0,0,2638232,0,0,0,0,0,0,483823,0,3,3122055
69,Marshalls,FL,27.83623061,-82.68780706,279016,"27.83623061,-82.68780706",2,0,0,0,0,0,3,0,0,0,0,2,0,2,0,351698,0,0,0,0,0,3108337,0,0,0,0,1093309,0,851018,0,9,5404362
70,Marshalls,FL,30.48203772,-87.20826445,277451,"30.48203772,-87.20826445",0,0,0,0,0,0,1,0,1,0,0,0,0,2,1,0,0,0,0,0,0,1096208,0,675316,0,0,0,0,741829,65672,5,2579025
71,Marshalls,FL,30.31105405,-81.73429752,268583,"30.31105405,-81.73429752",1,0,0,0,0,0,2,0,0,0,0,0,0,3,1,229784,0,0,0,0,0,2665540,0,0,0,0,0,0,1308322,68393,7,4272039
72,Marshalls,FL,28.19081911,-82.45722617,268041,"28.19081911,-82.45722617",0,0,0,0,0,0,3,0,0,0,0,0,0,0,0,0,0,0,0,0,0,3046910,0,0,0,0,0,0,0,0,3,3046910
73,Marshalls,FL,26.23680797,-80.20107708,266804,"26.23680797,-80.20107708",2,0,0,0,0,0,5,0,0,0,0,0,0,1,0,473818,0,0,0,0,0,4712550,0,0,0,0,0,0,553146,0,8,5739514
74,Marshalls,FL,29.26168687,-81.02659535,264460,"29.26168687,-81.02659535",0,0,0,0,0,0,2,0,0,0,0,1,0,2,2,0,0,0,0,0,0,1384630,0,0,0,0,616339,0,774950,109568,7,2885487
75,Marshalls,FL,26.06015291,-81.69784683,242889,"26.06015291,-81.69784683",1,0,0,0,0,0,1,0,1,0,0,0,0,0,0,172104,0,0,0,0,0,650136,0,199436,0,0,0,0,0,0,3,1021676
76,Marshalls,FL,28.33256231,-81.47381297,242170,"28.33256231,-81.47381297",2,0,0,0,0,0,2,0,0,0,0,1,0,0,0,405926,0,0,0,0,0,1914416,0,0,0,0,836218,0,0,0,5,3156560
77,Marshalls,FL,28.54893327,-81.34961019,236513,"28.54893327,-81.34961019",0,0,0,0,0,0,4,0,1,1,0,1,0,1,0,0,0,0,0,0,0,2925894,0,318836,329054,0,647037,0,224582,0,8,4445403
78,Marshalls,FL,28.55435066,-81.47929418,235265,"28.55435066,-81.47929418",0,0,0,0,0,0,3,0,0,0,0,1,0,1,1,0,0,0,0,0,0,2801803,0,0,0,0,731385,0,386170,56312,6,3975670
79,Marshalls,FL,25.93840204,-80.2473497,233046,"25.93840204,-80.2473497",1,0,0,0,0,0,0,0,0,0,0,1,0,2,0,185112,0,0,0,0,0,0,0,0,0,0,920161,0,852334,0,4,1957607
80,Marshalls,FL,26.18834769,-80.20689326,223103,"26.18834769,-80.20689326",2,0,0,0,0,0,5,0,0,0,0,0,0,1,0,382889,0,0,0,0,0,4656419,0,0,0,0,0,0,162927,0,8,5202235
81,Marshalls,FL,30.14840093,-81.75340135,211309,"30.14840093,-81.75340135",1,0,0,0,0,0,2,0,0,0,0,0,0,0,1,219737,0,0,0,0,0,1430825,0,0,0,0,0,0,0,41283,4,1691845
82,Marshalls,FL,27.78893025,-82.73017403,201749,"27.78893025,-82.73017403",0,0,0,0,0,0,6,0,0,1,0,1,0,3,2,0,0,0,0,0,0,5017009,0,0,372268,0,495820,0,808450,87545,13,6781092
83,Marshalls,FL,26.11916123,-80.17708116,188704,"26.11916123,-80.17708116",1,0,0,0,0,0,2,0,1,0,0,0,1,2,0,220319,0,0,0,0,0,1705521,0,498725,0,0,0,475549,751316,0,7,3651430
84,Marshalls,FL,25.77398514,-80.32171357,175715,"25.77398514,-80.32171357",1,0,0,0,0,0,6,0,1,0,0,1,0,0,0,464096,0,0,0,0,0,5899423,0,311004,0,0,902598,0,0,0,9,7577121
85,Marshalls,FL,28.65364973,-81.20987675,150855,"28.65364973,-81.20987675",1,0,0,0,0,0,4,1,0,0,0,1,0,1,1,368275,0,0,0,0,0,3764285,480198,0,0,0,814954,0,490480,103722,9,6021914
86,Marshalls,FL,27.07493951,-82.42337358,127309,"27.07493951,-82.42337358",0,0,0,0,0,0,3,0,0,0,0,0,0,2,1,0,0,0,0,0,0,2248942,0,0,0,0,0,0,518239,67242,6,2834423
87,Marshalls,FL,27.89163011,-82.78264183,114594,"27.89163011,-82.78264183",1,0,0,0,0,0,7,0,0,0,0,2,0,2,1,233930,0,0,0,0,0,5041304,0,0,0,0,1168637,0,709292,55206,13,7208369
1,Marshalls,AL,34.67480735,-86.5457253,579489,"34.67480735,-86.5457253",0,0,0,0,1,0,1,0,1,0,0,1,0,0,0,0,0,0,0,624766,0,834031,0,347958,0,0,520059,0,0,0,4,2326814
2,Marshalls,AL,30.37788523,-87.68632428,560818,"30.37788523,-87.68632428",0,0,0,0,0,1,1,0,0,0,0,0,0,1,0,0,0,0,0,0,219442,702358,0,0,0,0,0,0,388562,0,3,1310362
3,Marshalls,AL,32.3596849,-86.15858661,459410,"32.3596849,-86.15858661",0,0,0,0,0,0,2,0,0,0,0,1,1,1,0,0,0,0,0,0,0,1911771,0,0,0,0,1046744,462819,603234,0,5,4024568
4,Marshalls,AL,30.67761061,-88.12260762,418587,"30.67761061,-88.12260762",0,0,0,0,0,1,2,0,1,0,0,1,1,1,0,0,0,0,0,0,75285,2205601,0,670136,0,0,629763,397870,504933,0,7,4483588
5,Marshalls,AL,33.36105771,-86.85386633,395458,"33.36105771,-86.85386633",1,0,0,0,0,0,1,1,0,0,0,0,0,0,0,308383,0,0,0,0,0,948895,287012,0,0,0,0,0,0,0,3,1544290
6,Marshalls,AL,33.63910488,-86.62771501,330430,"33.63910488,-86.62771501",1,0,0,0,0,0,2,0,0,0,0,0,0,1,0,292778,0,0,0,0,0,1830084,0,0,0,0,0,0,469357,0,4,2592219
7,Marshalls,AL,34.75430438,-86.74775761,266024,"34.75430438,-86.74775761",1,0,0,0,1,0,3,1,0,0,0,1,0,0,0,157785,0,0,0,1178949,0,1725924,217720,0,0,0,505329,0,0,0,7,3785707
