Rank,Name,State,Lat,Long,Total_Visits,client_coords,num_stores_Aldi,num_stores_Food_City,num_stores_Food_Lion_Grocery_Store,num_stores_Ingles,num_stores_Kroger,num_stores_Piggly_Wiggly,num_stores_Publix,num_stores_Sprouts_Farmers_Market,num_stores_The_Fresh_Market,num_stores_Total_Wine_&_More,num_stores_Trader_Joe's,num_stores_Walmart_Neighborhood_Market,num_stores_Whole_Foods_Market,total_visit_Aldi,total_visit_Food_City,total_visit_Food_Lion_Grocery_Store,total_visit_Ingles,total_visit_Kroger,total_visit_Piggly_Wiggly,total_visit_Publix,total_visit_Sprouts_Farmers_Market,total_visit_The_Fresh_Market,total_visit_Total_Wine_&_More,total_visit_Trader_Joe's,total_visit_Walmart_Neighborhood_Market,total_visit_Whole_Foods_Market,num_grocery_stores,total_grocery_visit,num_Discretionary,num_High-Mid-Range,num_Low-Mid-Range,num_Workforce,avg_sqft_Discretionary,avg_sqft_High_Mid-Range,avg_sqft_Low-Mid-Range,avg_sqft_Workforce,avg_rent_Discretionary,avg_rent_High_Mid-Range,avg_rent_Low-Mid-Range,avg_rent_Workforce,Student_Housing,Affordable_Housing,Military_Housing,Senior_Housing,Adaptive_Reuse,Single_Family_Rental,Fractured_Condo,num_nearby_Burlington,num_nearby_Kohl's,num_nearby_Lowe's,num_nearby_Ross_Dress_for_Less,num_nearby_The_Home_Depot,num_nearby_Walmart,num_nearby_HomeGoods,num_nearby_T.J._Maxx,num_nearby_Marshalls,tot_visits_nearby_Burlington,tot_visits_nearby_Kohl's,tot_visits_nearby_Lowe's,tot_visits_nearby_Ross_Dress_for_Less,tot_visits_nearby_The_Home_Depot,tot_visits_nearby_Walmart,tot_visits_nearby_HomeGoods,tot_visits_nearby_T.J._Maxx,tot_visits_nearby_Marshalls,num_starbucks,has_starbucks,num_malls,tot_stores,2022 Total Population,2022 Population Density,2022 Median Household Income,2022 Median Net Worth,2022 Median Disposable Income,2022 Median Age,2022 Total Housing Units,2022 Median Home Value,2022 Owner Occupied HUs,2022 Renter Occupied HUs,2020 Median Year Structure Built: HUs (ACS 5-Yr),2022 Pop Age 25+: Bachelor's Degree,2022 Pop Age 25+: Grad/Professional Degree,2022 Apparel/Accessory Sales ($000) (SIC),2022 Furniture/Home Furnish Sales ($000) (SIC),2022 Home Improvement Sales ($000) (SIC),2022 Men`s Apparel,2022 Women`s Apparel,2022 Bought Clothing in Dept Store/6 Mo,2022 Bought Clothing in Discount Store/6 Mo,2022 Bought Clothing Online/6 Mo,2022 HH Purchased Low Ticket HH Furnishing/12 Mo,2022 Tapestry Adult Pop Base_x,2022 Discount Store Clothes Just as Good: 4-Agr Cmpl,2022 Total Daytime Population,2022 Daytime Pop Density,2022 Pop Age 15+: Married,2022 Pop Age 15+: Divorced,2022 Pop Age 15+: Never Married,2022 Black Population,2022 White Population,2022 Hispanic Population,2022 Total Crime Index,2022 Personal Crime Index,2022 Property Crime Index,2022 Tapestry Adult Pop Base_y,2022 Pop 18+ in Tapestry Seg 1A,2022 Pop 18+ in Tapestry Seg 1B,2022 Pop 18+ in Tapestry Seg 1C,2022 Pop 18+ in Tapestry Seg 1D,2022 Pop 18+ in Tapestry Seg 1E,2022 Pop 18+ in Tapestry Seg 2A,2022 Pop 18+ in Tapestry Seg 2B,2022 Pop 18+ in Tapestry Seg 2C,2022 Pop 18+ in Tapestry Seg 2D,2022 Pop 18+ in Tapestry Seg 3A,2022 Pop 18+ in Tapestry Seg 3B,2022 Pop 18+ in Tapestry Seg 3C,2022 Pop 18+ in Tapestry Seg 4A,2022 Pop 18+ in Tapestry Seg 4B,2022 Pop 18+ in Tapestry Seg 4C,2022 Pop 18+ in Tapestry Seg 5A,2022 Pop 18+ in Tapestry Seg 5B,2022 Pop 18+ in Tapestry Seg 5C,2022 Pop 18+ in Tapestry Seg 5D,2022 Pop 18+ in Tapestry Seg 5E,2022 Pop 18+ in Tapestry Seg 6A,2022 Pop 18+ in Tapestry Seg 6B,2022 Pop 18+ in Tapestry Seg 6C,2022 Pop 18+ in Tapestry Seg 6D,2022 Pop 18+ in Tapestry Seg 6E,2022 Pop 18+ in Tapestry Seg 6F,2022 Pop 18+ in Tapestry Seg 7A,2022 Pop 18+ in Tapestry Seg 7B,2022 Pop 18+ in Tapestry Seg 7C,2022 Pop 18+ in Tapestry Seg 7D,2022 Pop 18+ in Tapestry Seg 7E,2022 Pop 18+ in Tapestry Seg 7F,2022 Pop 18+ in Tapestry Seg 8A,2022 Pop 18+ in Tapestry Seg 8B,2022 Pop 18+ in Tapestry Seg 8C,2022 Pop 18+ in Tapestry Seg 8D,2022 Pop 18+ in Tapestry Seg 8E,2022 Pop 18+ in Tapestry Seg 8F,2022 Pop 18+ in Tapestry Seg 8G,2022 Pop 18+ in Tapestry Seg 9A,2022 Pop 18+ in Tapestry Seg 9B,2022 Pop 18+ in Tapestry Seg 9C,2022 Pop 18+ in Tapestry Seg 9D,2022 Pop 18+ in Tapestry Seg 9E,2022 Pop 18+ in Tapestry Seg 9F,2022 Pop 18+ in Tapestry Seg 10A,2022 Pop 18+ in Tapestry Seg 10B,2022 Pop 18+ in Tapestry Seg 10C,2022 Pop 18+ in Tapestry Seg 10D,2022 Pop 18+ in Tapestry Seg 10E,2022 Pop 18+ in Tapestry Seg 11A,2022 Pop 18+ in Tapestry Seg 11B,2022 Pop 18+ in Tapestry Seg 11C,2022 Pop 18+ in Tapestry Seg 11D,2022 Pop 18+ in Tapestry Seg 11E,2022 Pop 18+ in Tapestry Seg 12A,2022 Pop 18+ in Tapestry Seg 12B,2022 Pop 18+ in Tapestry Seg 12C,2022 Pop 18+ in Tapestry Seg 12D,2022 Pop 18+ in Tapestry Seg 13A,2022 Pop 18+ in Tapestry Seg 13B,2022 Pop 18+ in Tapestry Seg 13C,2022 Pop 18+ in Tapestry Seg 13D,2022 Pop 18+ in Tapestry Seg 13E,2022 Pop 18+ in Tapestry Seg 14A,2022 Pop 18+ in Tapestry Seg 14B,2022 Pop 18+ in Tapestry Seg 14C,2022 Pop 18+ in Tapestry Seg 15
1,HomeGoods,TN,36.33870566,-82.37720278,544090,"36.33870566,-82.37720278",1,1,1,0,2,0,0,0,1,0,0,0,0,403896,824889,213589,0,1660771,0,0,0,401799,0,0,0,0,6,3504944,0,4,10,5,,930.9127565982404,1036.7970122437353,739.9487179487179,,1032.25,1232.25,851.6666666666666,2.0,0.0,0.0,0.0,0.0,1.0,0.0,0,1,3,1,1,3,0,1,0,,391805,2346401,490858,542085,6862766,,545687,,2,1,1,18.0,49321,1678.6,48411,51988,41507,39.4,23005,223740,10529,10094,1975,8014,5672,631886,86521,408544,7124958,12960293,14714,6371,12669,4570,41274,12860,74958,2551.2,17771,5150,16630,3490,39115,3349,177,117,187,41274,0,0,0,0,0,0,0,0,0,0,0,0,0,0,1355,1087,6161,0,0,4056,1186,0,107,0,0,565,0,0,0,0,0,0,0,643,0,0,0,3922,1504,0,1344,0,0,1692,696,930,0,0,0,0,0,0,0,5686,795,0,0,3754,0,0,0,0,0,0,0,3318,2473,0
2,HomeGoods,TN,35.92631903,-84.04940438,501003,"35.92631903,-84.04940438",1,2,0,0,2,0,0,0,0,0,1,0,1,222752,784771,0,0,2462706,0,0,0,0,0,768286,0,1036117,7,5274632,0,7,29,12,,1139.3001770498443,967.7509734227594,784.5633548331836,,1646.857142857143,1150.851851851852,1038.3333333333333,0.0,5.0,0.0,2.0,0.0,1.0,0.0,1,2,2,3,2,3,0,1,2,232446,864232,1969968,925772,2009591,5997267,,745427,1229172,3,1,5,80.0,71641,2063.9,71174,97775,58372,38.0,35284,274191,16649,16048,1984,16595,12008,161636,257112,235863,15516008,27214874,21616,8990,19862,7108,58670,17169,100356,2891.2,29291,7348,20326,4865,55887,4966,167,146,171,58670,0,2597,0,469,4674,0,0,0,0,0,3968,0,0,0,1540,1405,14704,7,0,0,173,0,0,0,0,0,0,0,0,0,0,0,0,930,11205,0,0,4424,18,0,223,0,0,2013,1223,0,0,0,0,0,0,6334,0,1107,1,0,0,0,0,0,0,0,0,0,0,1657,0,0
3,HomeGoods,TN,35.85473329,-86.42753616,357527,"35.85473329,-86.42753616",1,0,0,0,2,0,1,1,0,0,0,1,0,208080,0,0,0,1194441,0,586670,289414,0,0,0,634993,0,6,2913598,0,19,8,11,,1041.1585298158197,1051.0125455054538,760.8206727274229,,1476.8333333333333,1422.8333333333333,943.2,1.0,3.0,0.0,1.0,0.0,0.0,0.0,1,1,1,1,1,5,0,1,1,207209,462298,1047632,533136,1089643,8823711,,561342,345718,2,1,3,67.0,89546,2075.1,66501,85115,56256,33.6,39542,275770,17825,18639,1993,16461,7861,107279,124098,182572,14845636,26031517,26443,11257,22631,7916,69891,22427,108326,2510.3,33794,7577,27905,16111,57678,9109,148,155,147,69891,0,0,1518,2819,0,0,0,0,0,0,0,0,1016,6810,4951,1878,0,0,1927,0,871,273,0,0,0,0,20076,0,0,0,0,0,0,1233,1079,0,0,2695,835,0,0,0,0,0,1406,0,0,0,0,0,0,2739,66,7831,1767,0,94,0,672,0,0,0,0,0,0,7307,26,0
4,HomeGoods,TN,36.33443225,-86.62290839,344169,"36.33443225,-86.62290839",1,0,0,0,2,0,1,0,0,0,0,0,0,208408,0,0,0,1798727,0,508425,0,0,0,0,0,0,4,2515560,0,7,12,1,,1031.3864644410141,923.5066147853155,547.5555555555555,,1540.7142857142858,1359.4,,0.0,3.0,0.0,1.0,0.0,0.0,0.0,1,1,5,2,4,5,0,1,1,183248,503988,2960794,560575,2285730,8920867,,394611,199711,1,1,2,41.0,39403,1327.0,77807,189867,63303,39.7,16736,333720,10227,5419,1991,7798,3542,44584,66869,119398,7362843,13191490,11756,4856,10682,3424,30617,8909,46677,1572.0,18098,3777,8411,3869,30118,2968,85,71,87,30617,0,3598,1721,2079,3063,0,0,0,0,0,0,0,4301,973,3335,0,0,863,132,832,25,0,0,0,0,0,0,0,0,0,0,0,0,1047,3430,0,0,2158,0,0,0,0,0,1215,0,0,0,0,0,0,0,1783,62,0,0,0,0,0,0,0,0,0,0,0,0,0,0,0
5,HomeGoods,TN,36.15757025,-85.51927464,340950,"36.15757025,-85.51927464",1,0,2,0,1,0,1,0,0,0,0,0,0,309586,0,992199,0,1529093,0,924318,0,0,0,0,0,0,5,3755196,0,0,0,0,,,,,,,,,0.0,0.0,0.0,0.0,0.0,0.0,,0,1,1,1,0,2,0,1,0,,323738,1378546,357762,,4567778,,660811,,0,0,2,46.0,28278,1013.4,38783,14948,35274,30.6,12833,196167,4872,6516,1985,3286,2239,25104,151804,108843,3247430,5781422,8438,3820,7214,2518,23528,7635,43120,1545.3,8375,2782,11696,1596,22191,2899,149,112,155,23528,0,0,0,0,282,0,0,0,0,0,0,0,0,0,97,0,0,0,0,4664,31,1076,0,0,0,0,0,0,0,0,0,0,0,0,0,0,0,1621,0,0,0,0,0,0,0,1921,0,0,0,0,0,0,0,4472,0,0,0,1479,0,0,0,0,0,0,0,5080,2807,0
6,HomeGoods,TN,35.88302644,-83.57591044,321679,"35.88302644,-83.57591044",1,1,0,0,1,0,1,0,0,0,0,1,0,123710,743464,0,0,1068552,0,835542,0,0,0,0,859245,0,5,3630513,0,0,0,0,,,,,,,,,0.0,0.0,0.0,0.0,0.0,0.0,,0,0,1,1,1,1,0,1,1,,,757014,218319,594799,5083217,,788124,482572,1,1,0,0.0,15686,486.6,54171,82232,46534,41.4,7752,233355,3581,2853,1991,1695,677,50583,56049,111259,2292139,4190081,4516,1968,3563,1379,12539,3996,21324,661.5,7105,1889,3152,245,12259,2667,197,171,201,12539,0,0,0,0,0,0,0,0,0,0,0,0,0,0,266,0,0,0,0,0,0,504,628,0,0,0,0,0,0,0,0,0,0,0,0,0,0,4029,0,0,0,0,0,272,0,4118,0,0,1167,0,0,0,0,1556,0,0,0,0,0,0,0,0,0,0,0,0,0,0
7,HomeGoods,TN,35.73977486,-86.9396596,320892,"35.73977486,-86.9396596",1,0,1,0,1,0,1,0,0,0,0,0,0,87978,0,227045,0,942210,0,585638,0,0,0,0,0,0,4,1842871,0,1,0,0,,1010.2822580645161,,,,1362.0,,,0.0,0.0,0.0,0.0,0.0,0.0,0.0,0,1,1,1,1,1,0,0,0,,305453,538683,168782,597353,1498891,,,,1,1,0,0.0,34437,1283.6,90158,217563,75098,36.0,13836,319367,9892,3146,2007,6886,2826,3064,12430,168851,6239206,11332967,9906,4070,8432,3006,24559,7630,32203,1200.3,16676,2536,5784,2602,27271,2872,89,102,87,24559,0,0,7981,0,0,0,0,0,0,0,0,0,0,0,11176,0,0,0,0,0,3283,27,0,0,0,0,0,0,0,0,0,0,0,0,2092,0,0,0,0,0,0,0,0,0,0,0,0,0,0,0,0,0,0,0,0,0,0,0,0,0,0,0,0,0,0,0,0,0
8,HomeGoods,TN,35.03565483,-85.15422286,315205,"35.03565483,-85.15422286",1,2,0,0,0,0,2,0,1,0,0,1,1,111000,679973,0,0,0,0,1570697,0,363510,0,0,623293,395194,8,3743667,0,4,16,5,,1034.731665640394,998.7296314715378,806.8413319843663,,1353.25,1257.7333333333333,965.5,0.0,2.0,0.0,0.0,0.0,0.0,0.0,2,1,2,2,2,4,0,2,2,479432,402676,1863642,500590,1469334,7411660,,693078,723259,2,1,4,64.0,48484,1413.0,66251,112063,55772,42.0,21749,251052,10773,9403,1989,8570,4630,118168,130216,176508,8408249,15159402,14632,6164,12986,4308,39840,11726,78782,2296.0,19351,4809,14217,10222,29734,4368,228,192,235,39840,0,0,0,1126,88,0,0,0,0,0,0,0,2741,1083,216,3102,3905,1337,328,4186,306,0,0,0,0,0,0,0,0,0,0,0,0,0,2545,0,677,7955,0,0,3232,0,0,0,0,684,0,0,535,0,0,3815,0,1418,0,235,326,0,0,0,0,0,0,0,0,0,0,0
9,HomeGoods,TN,35.16931871,-89.7949902,310435,"35.16931871,-89.7949902",1,0,0,0,3,0,0,0,0,0,0,0,0,183375,0,0,0,3831425,0,0,0,0,0,0,0,0,4,4014800,0,6,18,1,,1040.3406614790417,981.4513243352953,1100.0,,1437.6666666666667,1083.4375,1104.0,1.0,1.0,0.0,1.0,0.0,0.0,0.0,4,2,4,3,5,5,1,4,4,976749,583299,3391261,1158938,3363531,10746458,240601,1775271,1417131,1,1,3,94.0,94942,2397.2,72128,122231,59121,36.9,39910,207428,21172,16408,1992,16852,9645,134807,257282,270583,16860044,29797952,27323,11081,23896,8111,74018,21811,101581,2564.8,36760,8030,28931,38516,38082,11451,190,205,187,74018,0,478,0,6609,207,0,0,0,0,0,0,0,12803,4453,20,1788,2382,867,726,215,1611,0,0,0,0,0,7836,0,3452,0,0,0,0,0,12390,0,1009,1835,0,0,1083,0,0,1306,0,0,0,0,0,0,0,8568,2412,0,0,0,18,0,0,0,0,0,0,0,0,0,0,1949
10,HomeGoods,TN,36.08116861,-86.94533,266647,"36.08116861,-86.94533",1,0,0,0,2,0,2,1,0,0,0,0,0,193751,0,0,0,1437609,0,1483055,329316,0,0,0,0,0,6,3443731,0,1,17,0,,1020.0356083086053,1092.9130390516848,,,1923.0,1527.6875,,0.0,1.0,0.0,0.0,0.0,0.0,0.0,1,0,1,2,1,1,0,1,1,192019,,629189,349215,734618,1577213,,327611,256613,0,0,1,40.0,43299,1742.3,87270,202053,72325,40.7,21953,337797,12579,7776,1988,10778,7527,6618,32927,81211,11111154,19534751,12915,5320,12386,4454,34823,9983,31800,1279.6,18485,3813,11630,3882,33182,2481,108,142,102,34823,286,2538,0,4626,557,115,0,0,0,0,635,0,1503,1476,0,0,906,0,911,0,0,0,0,0,0,0,0,0,0,0,0,0,0,3671,4919,0,0,1522,0,0,5123,0,0,0,0,0,0,0,0,0,0,6035,0,0,0,0,0,0,0,0,0,0,0,0,0,0,0,0
11,HomeGoods,TN,35.7510673,-83.99065566,256948,"35.7510673,-83.99065566",1,2,1,0,2,0,0,0,0,0,0,0,0,242019,836944,357897,0,2430440,0,0,0,0,0,0,0,0,6,3867300,0,0,6,7,,,1109.8170861075923,836.075946959429,,,1191.6,626.6666666666666,0.0,5.0,0.0,1.0,0.0,0.0,0.0,0,0,1,1,1,2,0,0,0,,,867158,291799,879897,4393811,,,,2,1,2,20.0,54344,1289.4,60708,132345,52194,42.1,23195,242741,15062,6702,1983,7427,4477,20447,42295,184539,7787236,14881905,15369,7156,12789,4629,43433,13963,62836,1490.8,23529,6043,12418,2385,45917,2843,114,97,116,43433,0,0,0,0,0,0,0,0,0,0,0,0,0,0,2581,4945,0,0,2667,7052,1218,3134,2295,0,0,4892,0,0,0,0,0,0,0,0,0,0,0,165,931,0,0,0,0,0,3150,847,1353,0,3188,0,0,0,0,1554,0,0,3408,53,0,0,0,0,0,0,0,0,0,0
12,HomeGoods,TN,36.01126971,-84.25341437,248757,"36.01126971,-84.25341437",1,1,0,0,1,0,0,0,0,0,0,0,0,171984,443695,0,0,1424686,0,0,0,0,0,0,0,0,3,2040365,0,1,4,7,,1030.0,914.8397535745668,658.4289157222955,,1078.0,1051.5,754.6666666666666,0.0,6.0,0.0,2.0,0.0,0.0,0.0,0,0,0,1,1,2,0,1,1,,,,316047,766007,3888148,,564026,667805,2,1,1,52.0,28454,1006.2,53346,116800,46270,44.2,13388,176441,7959,4178,1961,3955,3685,5658,10132,63584,4213044,7846850,8225,3374,6914,2586,22794,6966,35035,1239.0,12028,3058,6830,2162,22180,1846,107,124,105,22794,0,0,0,0,4084,0,0,0,0,0,0,0,0,0,0,0,0,0,2291,3005,0,0,547,0,0,0,0,0,0,0,0,0,0,0,0,0,1182,1014,771,22,1084,0,0,1360,0,989,0,0,0,0,0,0,0,1276,0,0,997,4171,0,0,0,0,0,0,0,0,0,0
13,HomeGoods,TN,35.04903869,-89.73581482,240601,"35.04903869,-89.73581482",0,0,0,0,1,0,0,1,1,0,0,0,0,0,0,0,0,1233805,0,0,530261,247639,0,0,0,0,3,2011705,0,14,1,0,,1036.9932406993037,951.3194444444445,,,1552.0,1414.0,,0.0,0.0,0.0,0.0,0.0,0.0,0.0,2,1,3,2,3,3,1,2,3,555055,175574,1932073,530004,1880936,6285627,310435,973536,1142903,1,1,7,92.0,60996,1404.2,113605,338286,95734,40.6,25051,386318,15023,8633,1999,15502,12355,54399,70015,176462,17398190,30921878,18808,7579,18325,5446,47564,13110,68301,1572.4,31862,4146,12627,15610,33193,2548,148,165,145,47564,9457,9432,7766,2750,477,0,0,0,4410,0,0,0,1098,0,29,0,0,0,0,0,585,0,0,0,0,0,3895,0,32,0,0,0,0,0,6459,0,955,0,0,0,0,0,0,0,0,0,0,0,0,0,0,0,0,0,0,220,0,0,0,0,0,0,0,0,0,0,0,0
14,HomeGoods,TN,35.20786186,-84.84919388,226016,"35.20786186,-84.84919388",0,1,1,0,0,0,1,0,0,0,0,0,0,0,643829,296193,0,0,0,1078833,0,0,0,0,0,0,3,2018855,0,0,2,5,,,1023.6831606526141,719.5860846865651,,,1242.0,766.6666666666666,0.0,3.0,0.0,1.0,0.0,0.0,0.0,0,1,1,1,1,2,0,1,0,,404792,922139,358260,681329,4323838,,640877,,1,1,0,0.0,41612,1325.8,60139,98041,51561,39.4,17203,215393,9352,6849,1985,5915,3542,49111,26326,129037,5864572,10915022,12463,5420,10480,3598,33800,10459,48179,1535.1,18120,3650,10894,2531,32714,3858,198,177,202,33800,0,0,0,0,0,0,0,0,0,0,0,0,0,0,5760,0,4535,0,0,2167,1631,4594,0,0,0,986,0,0,0,0,0,0,0,0,100,0,625,6492,0,0,0,0,0,0,743,0,0,0,0,0,0,0,0,0,0,0,1402,1757,0,0,0,0,0,0,0,3009,0,0
1,T.J. Maxx,TN,35.86071326,-83.5683857,788124,"35.86071326,-83.5683857",1,1,0,0,1,0,1,0,0,0,0,1,0,123710,743464,0,0,1068552,0,835542,0,0,0,0,859245,0,5,3630513,0,0,0,0,,,,,,,,,0.0,0.0,0.0,0.0,0.0,0.0,,0,0,1,1,1,1,1,0,1,,,757014,218319,594799,5083217,321679,,482572,0,0,1,104.0,11560,826.0,44971,50361,38992,40.4,5883,236268,2233,2458,1991,1067,379,51706,31362,89430,1527764,2723125,3307,1458,2764,1003,9299,2909,18912,1351.3,4925,1543,2463,192,8418,2676,224,168,233,9299,0,0,0,0,0,0,0,0,0,0,0,0,0,0,315,0,0,0,0,0,0,0,0,0,0,0,0,0,0,0,0,0,0,0,0,0,59,4608,0,0,0,0,0,536,0,691,0,0,1088,0,0,0,0,2001,0,0,0,0,0,0,0,0,0,0,0,0,0,0
2,T.J. Maxx,TN,36.16725845,-86.50742595,749091,"36.16725845,-86.50742595",1,0,0,0,1,0,1,0,0,0,0,0,0,159444,0,0,0,1152901,0,610049,0,0,0,0,0,0,3,1922394,0,6,4,0,,1047.5576513846684,1049.860446570973,,,1719.2,1514.0,,0.0,1.0,0.0,0.0,0.0,1.0,0.0,0,1,2,2,1,2,0,0,1,,357492,1289275,501805,577250,3323579,,,357338,2,1,3,103.0,20000,1389.6,94663,180890,77461,37.5,8820,332512,5271,3095,2004,3973,1995,22275,66364,45684,4293010,7664357,5797,2397,5089,1912,15053,4731,21163,1470.4,10484,1554,3300,1838,14802,1298,99,76,103,15053,0,0,0,0,589,0,0,0,0,0,0,0,1550,0,0,0,0,0,0,0,3850,0,0,0,0,0,7227,0,0,0,0,0,0,0,0,0,0,0,0,0,0,0,0,0,0,0,0,0,984,0,0,768,84,0,0,0,0,0,0,0,0,0,0,0,0,0,0,0
3,T.J. Maxx,TN,35.92612102,-84.05038172,745427,"35.92612102,-84.05038172",1,2,0,0,2,0,0,0,0,0,1,0,1,222752,784771,0,0,2462706,0,0,0,0,0,768286,0,1036117,7,5274632,0,7,29,12,,1139.3001770498443,967.7509734227594,784.5633548331836,,1646.857142857143,1150.851851851852,1038.3333333333333,0.0,5.0,0.0,2.0,0.0,1.0,0.0,1,2,2,3,2,3,1,0,2,232446,864232,1969968,925772,2009591,5997267,501003,,1229172,3,1,5,80.0,72585,2043.5,71721,100071,58668,38.0,35602,274623,16963,16073,1984,16866,12177,158907,257176,243457,15731997,27610370,21912,9110,20137,7187,59392,17359,100387,2826.2,29847,7391,20453,4884,56667,5028,165,144,169,59392,0,2897,0,469,4743,0,0,0,0,0,3968,0,34,0,1519,1477,14704,7,0,0,449,0,0,0,0,0,0,0,0,0,0,0,0,930,11302,0,0,4424,0,0,223,0,0,2013,1223,0,0,0,0,0,0,6323,0,1031,1,0,0,0,0,0,0,0,0,0,0,1657,0,0
4,T.J. Maxx,TN,36.15764194,-85.51977024,660811,"36.15764194,-85.51977024",1,0,2,0,1,0,1,0,0,0,0,0,0,309586,0,992199,0,1529093,0,924318,0,0,0,0,0,0,5,3755196,0,0,0,0,,,,,,,,,0.0,0.0,0.0,0.0,0.0,0.0,,0,1,1,1,0,2,1,0,0,,323738,1378546,357762,,4567778,340950,,,0,0,2,46.0,27633,1011.7,38887,15174,35340,30.6,12582,195119,4849,6357,1986,3174,2161,25062,150723,108901,3210451,5722094,8237,3732,7027,2479,22974,7457,42794,1566.8,8239,2694,11386,1587,21689,2800,148,111,155,22974,0,0,0,0,200,0,0,0,0,0,0,0,0,0,97,0,0,0,0,4488,31,1193,0,0,0,0,0,0,0,0,0,0,0,0,0,0,0,1531,0,0,0,0,0,0,0,2145,0,0,0,0,0,0,0,4329,0,0,0,1349,0,0,0,0,0,0,0,4805,2807,0
5,T.J. Maxx,TN,35.20680554,-84.85005376,640877,"35.20680554,-84.85005376",0,1,1,0,0,0,1,0,0,0,0,0,0,0,643829,296193,0,0,0,1078833,0,0,0,0,0,0,3,2018855,0,0,2,5,,,1023.6831606526141,719.5860846865651,,,1242.0,766.6666666666666,0.0,3.0,0.0,1.0,0.0,0.0,0.0,0,1,1,1,1,2,1,0,0,,404792,922139,358260,681329,4323838,226016,,,1,1,0,0.0,45621,1197.1,59384,95348,51125,39.4,18924,216468,10212,7559,1984,6397,3835,54442,28834,132498,6384470,11879730,13628,5977,11457,3913,37071,11503,54468,1429.3,19786,4106,11981,2777,35883,4234,194,174,197,37071,0,0,0,0,0,0,0,0,0,0,0,0,0,0,5999,0,4601,0,0,2167,1821,5490,0,0,0,1290,0,0,0,0,0,0,0,0,119,0,733,6914,44,0,0,0,0,0,1147,0,0,0,0,0,0,0,0,0,0,0,1611,1757,0,0,0,0,0,0,0,3378,0,0
6,T.J. Maxx,TN,35.68535549,-88.85815346,570941,"35.68535549,-88.85815346",1,0,0,0,3,0,0,0,0,0,0,0,0,237039,0,0,0,3527270,0,0,0,0,0,0,0,0,4,3764309,0,0,0,0,,,,,,,,,0.0,0.0,0.0,0.0,0.0,0.0,,0,1,2,1,1,2,0,0,1,,409556,1664939,414290,536823,4806689,,,429958,2,1,2,20.0,33360,1294.0,58302,92896,50908,37.3,15000,184698,8020,5711,1987,5301,3434,51727,151114,170846,4825523,8829555,9943,4248,8472,3024,26068,8113,38292,1485.3,13883,2694,8860,11332,18381,2031,169,169,169,26068,0,2601,0,0,28,0,0,0,0,0,0,0,0,0,4549,2383,1228,0,12,4379,1199,0,0,0,0,0,0,0,0,0,0,0,0,0,1638,0,0,1307,1579,0,0,0,0,593,0,0,0,0,0,0,0,0,0,1433,9,0,0,496,0,0,0,0,0,0,0,2633,0,0
7,T.J. Maxx,TN,36.00897711,-84.25540392,564026,"36.00897711,-84.25540392",1,1,0,0,1,0,0,0,0,0,0,0,0,171984,443695,0,0,1424686,0,0,0,0,0,0,0,0,3,2040365,0,1,4,7,,1030.0,914.8397535745668,658.4289157222955,,1078.0,1051.5,754.6666666666666,0.0,6.0,0.0,2.0,0.0,0.0,0.0,0,0,0,1,1,2,1,0,1,,,,316047,766007,3888148,248757,,667805,2,1,1,52.0,29414,984.5,54323,119443,47105,44.4,13834,177705,8284,4259,1963,4176,3838,5587,11113,62285,4396444,8179980,8539,3491,7180,2675,23575,7181,35875,1200.8,12437,3178,7032,2168,23089,1865,106,121,104,23575,0,0,0,149,4710,0,0,0,0,0,0,0,0,0,0,0,0,0,2291,2930,0,0,269,0,0,0,0,0,0,0,0,0,0,0,0,0,1182,1014,771,0,1084,0,0,1360,0,1370,0,0,0,0,0,0,0,1276,0,0,997,4171,0,0,0,0,0,0,0,0,0,0
8,T.J. Maxx,TN,35.84369359,-86.42686426,561342,"35.84369359,-86.42686426",1,0,0,0,2,0,2,0,0,0,0,2,0,208080,0,0,0,1194441,0,1028038,0,0,0,0,1050268,0,7,3480827,0,19,9,8,,1043.9518085756415,1027.519342927072,720.0231582979727,,1461.3157894736842,1336.8333333333333,871.4285714285714,0.0,4.0,0.0,1.0,0.0,0.0,0.0,1,1,1,1,1,5,1,0,1,207209,462298,1047632,533136,1089643,8823711,357527,,345718,2,1,3,67.0,63215,1901.9,70581,97162,58558,34.4,27746,269453,13313,12099,1998,11712,5137,105512,119796,175408,10371750,18285810,18406,7576,15429,5530,48086,15664,85942,2585.7,24592,5570,17550,10896,40857,6334,157,156,157,48086,0,0,1159,472,0,0,0,0,0,0,0,0,843,6810,4766,67,0,0,1372,0,23,26,0,0,0,0,19902,0,0,0,0,0,0,49,1079,0,0,1072,318,0,0,0,0,0,1406,0,0,0,0,0,0,0,10,6052,1767,0,0,0,607,0,0,0,0,0,0,285,0,0
9,T.J. Maxx,TN,35.94843845,-86.82378745,556232,"35.94843845,-86.82378745",2,0,0,0,1,0,3,1,0,0,0,0,1,212424,0,0,0,616885,0,1885356,355918,0,0,0,0,904768,8,3975351,6,12,4,1,1002.6207671104388,1006.2886039807087,897.1714743589744,697.6,2036.1666666666667,1925.8181818181818,1369.25,,0.0,1.0,0.0,1.0,0.0,0.0,0.0,0,1,2,1,2,2,0,0,1,,386171,1520319,219721,1458332,3488690,,,294725,1,1,7,342.0,52159,1585.9,107885,286387,89953,40.6,22648,492870,13737,7621,1995,15101,9571,163094,346406,266505,14010302,24954451,15343,6333,15426,4869,40510,11048,101189,3076.6,26316,3364,10910,2503,38940,4014,66,60,67,40510,2889,3672,1965,2222,4210,6328,0,0,1104,0,1041,0,4972,0,0,0,2574,0,0,0,290,0,0,0,0,0,0,0,1698,0,0,0,0,3399,3786,0,4,0,0,0,0,0,0,0,0,0,0,0,0,0,0,0,0,0,0,0,0,356,0,0,0,0,0,0,0,0,0,0
10,T.J. Maxx,TN,36.34252832,-82.37427925,545687,"36.34252832,-82.37427925",1,1,1,0,2,0,0,0,1,0,0,0,0,403896,824889,213589,0,1660771,0,0,0,401799,0,0,0,0,6,3504944,0,4,9,2,,930.9127565982404,991.2631809510245,816.9230769230769,,1032.25,1126.857142857143,927.0,2.0,0.0,0.0,0.0,0.0,1.0,0.0,0,1,3,1,1,3,1,0,0,,391805,2346401,490858,542085,6862766,544090,,,2,1,1,18.0,58227,1404.6,48518,49890,41544,39.0,27119,221109,12420,12047,1977,9414,6681,632104,115647,430482,8528026,15498575,17300,7442,14779,5448,48290,15049,84500,2038.4,21243,6066,19146,4236,46133,3813,170,116,180,48290,0,0,0,0,21,0,0,0,0,0,0,0,0,0,1735,1254,7297,0,3,4206,1756,56,197,0,0,602,0,0,0,0,0,0,0,643,0,0,0,4641,1504,0,1344,0,0,1692,696,1278,0,0,0,0,0,0,0,6859,795,0,0,5015,0,0,0,0,0,0,0,4225,2473,0
11,T.J. Maxx,TN,36.58458236,-87.29943281,534449,"36.58458236,-87.29943281",0,0,0,0,1,0,0,0,0,0,0,1,0,0,0,0,0,1090770,0,0,0,0,0,0,620995,0,2,1711765,0,0,0,0,,,,,,,,,0.0,0.0,0.0,0.0,0.0,0.0,,0,1,2,1,1,3,0,0,1,,396081,1818423,123044,679421,7170553,,,380377,1,1,2,141.0,28555,1442.8,62494,75672,53371,32.5,11580,212651,5747,4960,2000,3418,2383,56549,78432,128440,4037525,7125803,8293,3277,6762,2342,20640,6756,33336,1684.4,12648,2364,6023,6654,16325,3314,134,130,134,20640,0,0,0,0,0,0,0,0,0,0,0,0,0,0,5216,191,0,0,0,0,489,0,0,0,0,0,7114,0,0,0,0,0,0,0,7630,0,0,0,0,0,0,0,0,0,0,0,0,0,0,0,0,0,0,0,0,0,0,0,0,0,0,0,0,0,0,0,0,0
12,T.J. Maxx,TN,35.10794912,-89.89152508,500644,"35.10794912,-89.89152508",2,0,0,0,3,0,0,1,1,0,0,0,1,582146,0,0,0,3682434,0,0,480668,304090,0,0,0,963891,8,6013229,0,3,9,18,,1015.9351031632708,1164.4539480327005,862.0231716551368,,1633.3333333333333,1404.888888888889,770.1428571428571,1.0,4.0,0.0,3.0,0.0,0.0,0.0,4,2,4,3,5,5,2,3,4,976749,583299,3391261,1158938,3531488,10746458,551036,1274627,1417131,2,1,2,57.0,119297,2970.3,64371,119171,54612,38.3,54647,250846,29022,20822,1965,20698,16172,116988,101177,177320,24717118,44467800,33230,13988,30613,10767,92996,27769,159418,3969.2,42046,10679,38893,40035,59987,13097,234,302,222,92996,6162,0,0,0,8553,2497,0,0,0,0,0,0,0,0,0,2968,10516,0,3264,2582,0,0,0,0,0,0,0,2610,2876,134,0,0,0,5189,435,0,4321,2453,5844,0,3979,0,0,0,1583,0,0,0,0,0,0,3654,6207,1273,200,6193,4337,0,1826,0,0,0,688,0,0,1392,1260,2
13,T.J. Maxx,TN,35.13082689,-85.24237553,500491,"35.13082689,-85.24237553",1,3,0,0,0,0,1,0,0,0,0,1,0,197913,749609,0,0,0,0,1049236,0,0,0,0,521733,0,6,2518491,0,3,7,3,,1164.658664672659,961.335718622604,848.7705128205129,,1462.6666666666667,1243.5,959.0,0.0,4.0,0.0,1.0,0.0,0.0,0.0,2,2,2,2,2,5,1,1,2,479432,652227,1863642,500590,1469334,8588723,315205,192587,723259,0,0,2,27.0,52682,1284.3,64981,155448,54777,43.6,24198,242439,14934,7522,1975,9800,4761,25900,83925,163822,9118200,16949032,15419,6692,13679,4890,42340,12352,60813,1482.5,21597,5503,12969,7711,38367,3265,177,169,179,42340,704,0,0,345,3826,0,0,0,0,0,0,0,0,0,0,5555,1912,0,3460,10358,190,60,0,0,0,1229,0,0,0,0,0,0,0,531,955,0,1226,9206,0,0,2,0,0,0,0,0,0,0,0,0,0,0,0,1296,0,846,0,619,20,0,0,0,0,0,0,0,0,0
14,T.J. Maxx,TN,35.19806565,-89.79795181,493384,"35.19806565,-89.79795181",2,0,0,0,4,0,0,1,0,0,0,0,0,402112,0,0,0,5109240,0,0,288294,0,0,0,0,0,7,5799646,0,8,10,0,,1035.5573964107452,1001.3405010928958,,,1402.75,1018.6666666666666,,1.0,1.0,0.0,1.0,0.0,0.0,0.0,3,1,3,2,3,4,1,3,3,758065,407725,2924792,819026,2290447,8415263,310435,1281887,1076952,3,1,3,94.0,48541,2190.3,73592,132248,59790,37.7,20603,205735,11048,8460,1992,8434,4681,116468,199462,152821,8740701,15497857,14405,5934,12612,4200,38204,11267,56203,2536.0,20127,3790,13902,16647,22776,5464,172,175,171,38204,0,358,0,7373,0,0,0,0,0,0,0,0,5065,3210,20,1184,1782,0,17,13,0,0,0,0,0,0,2051,0,1398,0,0,0,0,0,8294,0,0,1835,0,0,0,0,0,1306,0,0,0,0,0,0,0,4252,46,0,0,0,0,0,0,0,0,0,0,0,0,0,0,0
15,T.J. Maxx,TN,35.98682337,-86.55388837,485393,"35.98682337,-86.55388837",1,0,1,0,2,0,1,0,0,0,0,0,0,174717,0,380736,0,1862481,0,672590,0,0,0,0,0,0,5,3090524,0,4,18,2,,1064.3087012987012,931.75129794324,618.75,,1599.5,1213.75,,0.0,11.0,0.0,4.0,0.0,0.0,0.0,0,1,2,1,2,4,0,0,0,,365835,1439243,405112,1314485,6509909,,,,2,1,1,5.0,64993,1918.4,64868,113144,55007,35.5,24712,249921,14550,9118,1996,8507,2929,7785,45780,128034,8765923,15692907,18810,7500,15710,5197,48526,15647,68493,2021.7,24566,6572,17329,11512,36493,12713,115,123,114,48526,0,0,2552,0,0,0,0,0,322,0,0,0,3928,1265,3247,0,0,0,5517,0,871,0,0,0,0,813,10655,0,4096,0,0,0,0,0,9018,0,0,0,0,0,0,0,0,0,0,1402,0,0,1493,0,0,0,1515,0,0,0,0,1833,0,0,0,0,0,0,0,0,0,0
16,T.J. Maxx,TN,35.09294198,-89.80711403,472892,"35.09294198,-89.80711403",1,0,0,0,4,0,0,0,0,0,1,0,1,161518,0,0,0,4790668,0,0,0,0,0,787341,0,547879,7,6287406,0,10,10,3,,1036.366171522844,1071.7767681751934,751.5944514704406,,1572.7777777777778,1220.3,753.0,0.0,1.0,0.0,2.0,0.0,0.0,0.0,4,2,5,4,5,5,2,3,4,976749,583299,4099769,1349030,3363531,10756206,551036,1302379,1417131,2,1,1,46.0,90238,2141.5,91767,255729,76064,42.9,41155,339573,23562,14907,1985,22501,17374,99865,129462,145459,24857713,44120134,26925,11022,25917,8418,71812,19226,131249,3114.8,43062,7814,20474,22691,55152,4133,174,185,172,71812,12439,3320,0,2618,13312,1736,0,0,1516,0,0,0,3153,2127,0,2023,6201,0,0,0,1611,0,0,0,0,0,126,0,179,0,0,0,0,0,9713,0,0,0,0,0,3038,0,0,0,0,0,0,0,0,0,0,8422,275,0,0,0,0,0,0,0,0,0,0,0,0,0,0,2
17,T.J. Maxx,TN,35.59649977,-87.05967781,420748,"35.59649977,-87.05967781",1,0,1,0,2,1,0,0,0,0,0,0,0,166843,0,185649,0,1792421,76920,0,0,0,0,0,0,0,5,2221833,0,0,0,0,,,,,,,,,0.0,0.0,0.0,0.0,0.0,0.0,,0,0,1,1,0,1,0,0,0,,,959375,228225,,2181544,,,,1,1,1,3.0,33286,848.7,55319,100230,47796,39.5,14735,203397,8517,4833,1975,3069,1889,4400,8107,201542,4506210,8474744,9422,4035,7327,2845,25817,8727,39376,1003.9,12161,3782,8789,6252,22065,3527,131,160,127,25817,0,0,0,0,0,0,0,0,0,0,0,0,0,0,2517,3443,0,0,1727,1357,1030,0,0,0,0,0,0,0,0,0,0,0,0,0,0,0,543,0,1618,0,0,0,0,0,822,141,0,0,2267,1238,0,0,0,2011,593,0,1923,3045,1541,0,0,0,0,0,0,0,0,0
18,T.J. Maxx,TN,36.54353673,-82.5164586,411169,"36.54353673,-82.5164586",1,2,0,0,1,0,0,0,0,0,0,0,0,429122,1592648,0,0,794753,0,0,0,0,0,0,0,0,4,2816523,0,0,0,0,,,,,,,,,0.0,0.0,0.0,0.0,0.0,0.0,,1,1,2,1,1,2,0,0,0,193766,371986,1596101,371057,458588,4525999,,,,1,1,1,26.0,42377,1121.5,48481,91840,41575,47.1,21565,185974,11952,6913,1967,4875,3070,14985,46006,141173,5457250,10501817,12394,5134,9662,4184,34716,11114,58380,1545.1,17425,6113,8843,1547,37203,1233,202,176,206,34716,0,0,0,0,2001,0,0,0,0,0,0,0,0,0,0,1123,837,0,0,6319,389,3555,0,0,0,1540,0,0,0,0,0,0,0,0,0,0,0,0,162,0,2109,0,0,0,1753,861,2538,0,0,289,0,0,0,0,473,0,0,10767,0,0,0,0,0,0,0,0,0,0
19,T.J. Maxx,TN,36.2929558,-86.7005579,394611,"36.2929558,-86.7005579",1,0,0,0,2,0,1,0,0,0,0,1,0,240854,0,0,0,2203889,0,633468,0,0,0,0,612458,0,5,3690669,0,1,15,21,,952.3859649122807,1038.719865351702,879.3976272783368,,1560.0,1372.6666666666667,1132.0,0.0,11.0,0.0,3.0,0.0,0.0,0.0,1,2,4,2,4,4,1,0,2,183248,861480,2132640,560575,2285730,6924576,344169,,557049,1,1,5,84.0,52304,1656.1,54580,56957,47219,37.5,24268,247594,9992,12316,1981,6395,3125,70623,165232,153301,7448796,13310894,14838,6222,12362,4772,40888,13377,53007,1678.3,17393,6940,15639,16050,24734,9596,158,211,149,40888,0,0,0,404,0,0,0,0,0,0,0,0,329,26,442,387,51,1526,1115,2896,706,0,0,0,0,0,0,0,1705,0,0,0,0,0,3564,0,7523,4297,3063,0,0,0,0,745,1337,189,0,0,0,0,0,1783,5459,1297,0,0,797,1245,0,0,0,0,0,0,0,0,0,0
20,T.J. Maxx,TN,36.07580319,-86.92191319,327611,"36.07580319,-86.92191319",1,0,0,0,2,0,2,1,0,0,0,0,0,193751,0,0,0,1437609,0,1483055,329316,0,0,0,0,0,6,3443731,0,1,19,0,,1020.0356083086053,1090.4042939650549,,,1923.0,1515.4444444444443,,0.0,1.0,0.0,0.0,0.0,0.0,0.0,2,0,1,4,2,2,1,0,1,711637,,629189,924565,1659596,3010055,266647,,256613,1,1,1,40.0,55112,1596.6,93346,235676,77243,40.7,27488,373568,16007,9399,1986,14411,10086,19754,71579,91523,15882770,27839020,16364,6765,16150,5609,44181,12447,41968,1215.8,24603,4315,14398,4438,43192,2991,102,134,96,44181,4127,3397,0,4214,1153,2082,0,0,0,0,2523,0,6,1476,0,0,1603,195,911,0,0,0,0,0,0,0,0,0,0,0,0,0,0,3703,5995,0,61,1522,0,0,4676,0,0,0,0,0,0,0,0,0,0,6419,0,0,0,0,119,0,0,0,0,0,0,0,0,0,0,0
21,T.J. Maxx,TN,35.15045294,-89.919667,308351,"35.15045294,-89.919667",1,0,0,0,3,0,0,1,0,0,0,0,1,357465,0,0,0,4377144,0,0,480668,0,0,0,0,963891,6,6179168,0,2,3,20,,888.7159549490058,1112.375851393189,795.0681023877374,,1618.5,2088.0,787.2,3.0,6.0,0.0,1.0,0.0,0.0,0.0,4,1,4,3,5,5,1,3,3,976749,407725,3391261,1158938,3531488,10746458,310435,1466920,991228,0,0,2,51.0,115725,2676.7,53947,61764,46614,35.8,52695,232336,24808,22883,1959,16302,12973,90418,184899,353129,20709649,37178011,30969,13397,27709,10158,89041,27546,133807,3094.9,37596,9518,40634,35499,54663,20435,224,323,207,89041,5829,0,0,0,2807,2155,0,0,0,0,0,0,0,344,0,0,6954,2017,2598,1013,0,0,0,0,0,0,0,0,92,4939,0,0,0,8414,1493,0,3260,2368,8681,0,2893,0,0,23,1743,0,0,0,0,0,0,4278,2107,2087,812,0,8476,0,7737,0,0,638,0,0,0,2067,1260,1955
22,T.J. Maxx,TN,35.03692797,-85.15375197,192587,"35.03692797,-85.15375197",1,2,0,0,0,0,2,0,1,0,0,1,1,111000,679973,0,0,0,0,1570697,0,363510,0,0,623293,395194,8,3743667,0,4,16,5,,1034.731665640394,998.7296314715378,806.8413319843663,,1353.25,1257.7333333333333,965.5,0.0,2.0,0.0,0.0,0.0,0.0,0.0,2,1,2,2,2,4,1,1,2,479432,402676,1863642,500590,1469334,7411660,315205,500491,723259,2,1,4,64.0,48894,1398.3,62665,97405,53594,41.7,22270,243696,10529,10080,1987,8156,4410,123295,134254,181654,8271226,14889263,14686,6218,12952,4397,40142,11909,82509,2359.7,19178,4996,14514,10802,29243,4852,240,205,247,40142,0,0,0,370,30,0,0,0,0,0,0,0,1475,1083,0,3102,4034,1110,691,4243,555,0,0,0,0,0,0,0,0,0,0,0,0,0,2652,0,677,8240,0,0,3232,0,0,0,0,743,0,0,929,0,0,3815,0,2380,0,282,499,0,0,0,0,0,0,0,0,0,0,0
1,Marshalls,TN,35.90036903,-84.16504292,667805,"35.90036903,-84.16504292",0,1,0,1,1,0,1,0,1,1,0,0,0,0,347113,0,552784,1337301,0,641018,0,248678,587151,0,0,0,6,3714045,0,6,2,0,,1127.6377166050586,1104.2222222222222,,,1415.8333333333333,1279.0,,0.0,0.0,0.0,0.0,0.0,0.0,0.0,1,2,1,2,3,4,2,2,0,232446,864232,1025883,576250,2580464,7929886,749760,1309453,,0,0,2,94.0,32711,1214.1,101936,405956,83745,45.9,13199,356097,10239,2316,1989,8315,5774,102623,182372,161628,7375779,13643892,9899,4138,9159,2743,25694,6760,54257,2013.7,17144,2726,5574,974,26898,1666,108,100,110,25694,0,3090,0,1680,8202,0,0,0,0,0,0,0,3170,2032,140,6109,0,842,0,0,407,21,0,0,0,0,0,0,0,0,0,0,0,0,0,0,0,0,0,0,0,0,0,0,0,0,0,0,0,0,0,0,0,0,0,0,0,0,0,0,0,0,0,0,0,0,0,0
2,Marshalls,TN,36.59428253,-82.26120263,603255,"36.59428253,-82.26120263",0.0,0.0,0.0,0.0,0.0,0.0,0.0,0.0,0.0,0.0,0.0,0.0,0.0,0.0,0.0,0.0,0.0,0.0,0.0,0.0,0.0,0.0,0.0,0.0,0.0,0.0,0,0,0,0,0,0,,,,,,,,,0.0,0.0,0.0,0.0,0.0,0.0,,0,0,1,0,0,1,0,0,0,,,589877,,,1700211,,,,0,0,1,72.0,13093,509.4,43720,72937,37899,45.7,6538,155513,3609,2183,1971,1146,661,18300,49131,18060,1470194,2854553,3863,1524,2774,1311,10732,3577,17581,684.1,5885,1482,2617,373,11688,385,98,76,102,10732,0,0,0,0,0,0,0,0,0,0,0,0,0,0,0,357,0,0,4,2595,0,616,0,0,0,83,0,0,0,0,0,0,0,0,0,0,0,0,162,0,0,0,0,0,0,1122,798,0,0,0,0,0,0,0,0,0,412,4583,0,0,0,0,0,0,0,0,0,0
3,Marshalls,TN,36.00560161,-84.02129132,561367,"36.00560161,-84.02129132",1,2,0,0,2,0,0,0,0,0,0,1,0,171183,798885,0,0,1692199,0,0,0,0,0,0,595882,0,6,3258149,0,1,6,10,,971.7,982.0693286914798,751.7336565103749,,1308.0,1311.8,762.5,0.0,6.0,0.0,2.0,0.0,0.0,0.0,1,2,3,3,3,4,1,1,1,232446,827758,2788051,895948,2855771,8706538,501003,745427,241529,0,0,0,0.0,73565,1546.0,57397,109285,50033,38.5,32342,202018,19876,10531,1983,10354,5996,38940,91968,255105,10411553,19193675,21574,9158,17619,6671,57210,18187,70450,1480.5,29367,7449,19330,7073,55480,6874,142,130,144,57210,0,0,0,0,0,0,0,0,0,0,0,0,1853,0,8790,914,0,1533,6321,2864,3770,3808,0,0,0,1487,2089,0,0,0,0,0,0,0,4009,0,0,4603,1361,0,0,0,0,0,0,347,0,0,0,435,0,1671,1549,3989,2558,0,1119,1808,333,0,0,0,0,0,0,0,0,0
4,Marshalls,TN,36.06464859,-87.38214268,498539,"36.06464859,-87.38214268",0,0,0,0,1,0,0,0,0,0,0,0,0,0,0,0,0,1257352,0,0,0,0,0,0,0,0,1,1257352,0,0,0,0,,,,,,,,,0.0,0.0,0.0,0.0,0.0,0.0,,0,0,1,1,0,1,0,0,0,,,1074574,241008,,2503461,,,,0,0,0,0.0,19087,408.5,54275,101829,46991,38.8,8276,196701,4988,2843,1983,1716,1042,8111,35466,42195,2595377,4847899,5339,2327,4163,1657,14664,4854,24036,514.4,7159,2237,4751,1249,15472,1400,156,159,156,14664,0,0,0,0,0,0,0,0,0,0,0,0,0,0,1027,0,0,0,1802,1067,0,1423,0,0,0,0,0,0,0,0,0,0,0,0,0,0,849,775,2545,0,0,0,0,0,0,2756,0,0,0,0,0,0,0,1457,0,0,0,963,0,0,0,0,0,0,0,0,0,0
5,Marshalls,TN,35.7947587,-83.55793115,482572,"35.7947587,-83.55793115",0,2,0,0,1,0,1,0,0,0,0,0,0,0,1458230,0,0,1705487,0,1665507,0,0,0,0,0,0,4,4829224,0,0,0,0,,,,,,,,,0.0,0.0,0.0,0.0,0.0,0.0,,0,0,1,1,1,1,1,1,0,,,757014,218319,594799,5083217,321679,788124,,0,0,4,178.0,7957,356.2,52453,87987,45227,41.4,6335,228631,1876,1330,1993,613,357,40256,27742,6900,982053,1823719,2248,996,1917,672,6389,1944,15752,705.1,3751,719,1704,79,6053,1698,265,222,272,6389,0,0,0,0,0,0,0,0,0,0,0,0,0,0,690,0,0,0,0,545,0,0,1666,0,38,0,0,0,0,0,0,0,0,0,0,0,1305,1411,0,0,0,0,0,67,0,457,0,0,0,0,0,0,0,209,0,0,0,0,0,0,0,0,0,0,0,0,0,0
6,Marshalls,TN,35.66831885,-88.86081176,429958,"35.66831885,-88.86081176",1,0,0,0,3,0,0,0,0,0,0,0,0,237039,0,0,0,3527270,0,0,0,0,0,0,0,0,4,3764309,0,0,0,0,,,,,,,,,0.0,0.0,0.0,0.0,0.0,0.0,,0,1,2,1,1,2,0,1,0,,409556,1664939,414290,536823,4806689,,570941,,1,1,2,20.0,37599,1157.7,57213,90563,50052,37.8,17094,186215,9053,6517,1985,5960,3960,53148,162417,175914,5399314,9905781,11118,4739,9449,3398,29456,9213,54756,1686.0,15228,3120,10322,13207,20669,1937,172,182,170,29456,0,3715,0,0,140,0,0,0,0,0,0,0,0,0,4071,2383,1893,0,139,5027,525,0,0,0,0,0,0,0,0,0,0,0,0,0,970,0,0,1334,1989,0,0,0,0,593,362,0,1,0,0,9,0,0,0,1433,434,0,123,1683,0,0,0,0,0,0,0,2633,0,0
7,Marshalls,TN,35.06692717,-89.75868571,425903,"35.06692717,-89.75868571",0,0,0,0,2,0,0,1,1,0,1,0,1,0,0,0,0,2103440,0,0,530261,247639,0,787341,0,547879,6,4216560,0,15,2,0,,996.1129258610779,1004.3080738705739,,,1436.2,1414.5,,0.0,0.0,0.0,0.0,0.0,0.0,0.0,3,2,4,3,4,5,2,3,2,767863,583299,2997832,942798,2676387,10756206,551036,1466920,717000,1,1,4,40.0,74151,1710.8,111593,395410,93504,42.7,31892,372178,19892,10122,1995,19311,15604,99140,96713,199519,21783914,38850739,22738,9108,22338,6803,58339,15606,91315,2106.8,39361,5231,14251,16065,45081,2814,140,155,137,58339,12044,8859,4707,2770,7895,0,0,0,4410,0,0,0,1193,204,29,0,1994,0,0,0,12,0,0,0,0,0,4090,0,32,0,0,0,0,0,8076,0,161,0,0,0,1832,0,0,0,0,0,0,0,0,0,0,30,0,0,0,0,0,0,0,0,0,0,0,0,0,0,0,0
8,Marshalls,TN,35.03060566,-85.1603834,404148,"35.03060566,-85.1603834",2,2,0,0,0,0,2,0,1,0,0,1,1,311052,679973,0,0,0,0,1570697,0,363510,0,0,623293,395194,9,3943719,0,4,16,5,,1034.731665640394,998.7296314715378,806.8413319843663,,1353.25,1257.7333333333333,965.5,0.0,2.0,0.0,0.0,0.0,0.0,0.0,2,1,2,2,2,4,1,2,1,479432,402676,1863642,500590,1469334,7411660,315205,693078,319111,2,1,4,64.0,34663,1530.1,61248,85922,52658,41.7,16129,244022,6941,7877,1989,6032,3143,117752,126549,171435,5956167,10643253,10422,4396,9363,3127,28669,8464,63548,2805.2,13097,3774,10737,7814,20337,3412,268,219,276,28669,0,0,0,0,0,0,0,0,0,0,0,0,1452,0,0,771,3146,163,375,3936,0,0,0,0,0,0,0,0,0,0,0,0,0,0,2545,0,0,7478,0,0,3232,0,0,0,0,0,0,0,497,0,0,3235,0,1483,0,29,326,0,0,0,0,0,0,0,0,0,0,0
9,Marshalls,TN,36.50635176,-87.27211958,380377,"36.50635176,-87.27211958",0,0,1,0,0,0,2,0,0,0,0,0,0,0,0,426001,0,0,0,1446650,0,0,0,0,0,0,3,1872651,0,0,0,0,,,,,,,,,0.0,0.0,0.0,0.0,0.0,0.0,,0,1,2,1,1,3,0,1,0,,396081,1818423,123044,679421,7170553,,534449,,1,1,0,0.0,34022,1103.5,67330,150355,56525,38.7,14401,264261,8633,4771,1991,6287,3700,5917,12513,68855,5523605,10154776,10185,4182,8871,2885,26735,8195,31545,1023.2,15028,3242,7730,4200,25243,2317,106,120,104,26735,0,0,0,0,0,0,0,0,0,0,0,0,11668,934,511,2423,0,0,0,3628,343,0,0,0,0,0,0,0,0,0,0,0,0,0,459,0,0,0,139,0,0,0,0,1164,0,0,0,0,0,0,0,0,0,2712,1765,0,626,0,229,0,0,0,0,0,0,134,0,0
10,Marshalls,TN,35.1717264,-89.79537508,376821,"35.1717264,-89.79537508",1,0,0,0,3,0,0,0,0,0,0,0,0,183375,0,0,0,3831425,0,0,0,0,0,0,0,0,4,4014800,0,6,18,1,,1040.3406614790417,981.4513243352953,1100.0,,1437.6666666666667,1083.4375,1104.0,1.0,1.0,0.0,1.0,0.0,0.0,0.0,4,2,4,3,4,5,2,4,3,976749,583299,3391261,1158938,2840113,10746458,551036,1775271,1040310,1,1,3,94.0,102697,2388.4,72977,126491,59535,36.9,42759,208775,23082,17238,1992,18146,10286,137115,270315,292627,18048980,31956200,29627,12009,25940,8750,79964,23599,110710,2574.8,40229,8561,30947,40518,42444,12306,187,204,185,79964,0,617,0,7426,19,0,0,0,0,0,0,0,15299,4453,183,2537,2359,867,772,257,1611,0,0,0,0,0,8337,0,3452,0,0,0,0,0,12738,0,1291,1835,0,0,799,0,0,1306,0,0,0,0,0,0,0,8568,3265,0,0,0,14,0,0,0,0,0,0,0,0,0,0,1960
11,Marshalls,TN,36.18078371,-86.63873721,357338,"36.18078371,-86.63873721",0,0,1,0,2,0,1,0,0,0,0,0,0,0,0,366969,0,2052841,0,781881,0,0,0,0,0,0,4,3201691,0,2,23,5,,1035.1643799002138,941.5861195007828,752.8826523122094,,1445.0,1390.5294117647059,1030.0,0.0,7.0,0.0,1.0,0.0,0.0,0.0,2,1,5,3,6,7,0,2,1,702866,357492,2828868,857434,3925310,11288833,,1143702,199711,0,0,0,0.0,61626,2019.6,69128,105308,57170,38.2,30063,271991,14878,12927,1983,12971,4865,14803,88340,160008,11658099,20636369,18279,7647,15660,6043,49135,15306,65226,2137.5,23246,6658,18226,11352,39316,6758,161,218,151,49135,0,0,85,48,329,0,0,0,0,0,0,0,154,3192,4299,0,1643,5890,4045,1231,2115,0,0,0,0,0,0,0,0,0,0,0,0,1315,6717,0,2971,1839,0,0,0,0,0,871,0,0,0,0,0,0,0,9357,3033,0,0,0,0,0,0,0,0,0,0,0,0,0,0,0
12,Marshalls,TN,36.058481,-89.38297864,346149,"36.058481,-89.38297864",0,0,0,0,1,0,0,0,0,0,0,0,0,0,0,0,0,888682,0,0,0,0,0,0,0,0,1,888682,0,0,0,0,,,,,,,,,0.0,0.0,0.0,0.0,0.0,0.0,,0,0,1,0,0,1,0,0,0,,,816654,,,2524033,,,,0,0,0,0.0,20632,412.8,50216,72170,43072,41.0,9275,152068,4640,3704,1975,1861,1169,8003,13529,38396,2698541,5239728,5847,2563,4420,1786,16163,5408,25270,505.6,8717,2028,4473,4450,14384,825,218,245,213,16163,0,0,0,0,0,0,0,0,0,0,0,0,0,0,518,0,0,0,286,3209,0,3072,0,0,0,0,0,0,0,0,0,0,0,0,0,0,0,0,1094,0,0,0,0,0,0,210,400,0,0,585,0,0,0,0,1092,0,2257,3440,0,0,0,0,0,0,0,0,0,0
13,Marshalls,TN,35.85514928,-86.42752802,345718,"35.85514928,-86.42752802",1,0,0,0,2,0,1,1,0,0,0,1,0,208080,0,0,0,1194441,0,586670,289414,0,0,0,634993,0,6,2913598,0,19,7,11,,1041.1585298158197,1102.1913871233096,760.8206727274229,,1476.8333333333333,1445.6,943.2,1.0,3.0,0.0,1.0,0.0,0.0,0.0,1,1,1,1,1,5,1,1,0,207209,462298,1047632,533136,1089643,8823711,357527,561342,,2,1,3,67.0,91860,2132.4,65699,82438,55777,33.2,40672,275595,18070,19308,1993,16627,7943,107271,124237,175396,15167433,26578345,27097,11579,23213,8102,71975,23082,110083,2555.4,34081,7759,29474,16896,58839,9398,145,153,144,71975,0,0,1262,2953,0,0,0,0,0,0,0,0,347,6810,5588,2073,0,0,1990,0,933,273,0,0,0,0,19448,0,8,0,0,0,0,1425,1079,0,0,2923,835,0,0,0,0,0,1406,0,0,0,0,0,0,3949,93,7831,1767,0,149,0,672,0,0,0,0,0,0,7519,642,0
14,Marshalls,TN,35.05252409,-89.80833985,340179,"35.05252409,-89.80833985",1,0,0,0,4,0,0,1,0,0,1,1,1,161518,0,0,0,4329661,0,0,530261,0,0,787341,759544,547879,9,7116204,0,13,19,7,,987.7687065265977,978.1844496307418,887.8925078540457,,1422.7692307692307,1012.0,786.8571428571429,0.0,2.0,0.0,0.0,0.0,0.0,0.0,2,2,4,4,3,4,2,3,2,555055,583299,3034010,1349030,1880936,8412312,551036,1281887,802724,1,1,8,131.0,111905,2519.6,61866,77249,52953,36.0,49034,241224,21246,23859,1985,18636,12095,68842,91170,124288,19663208,34430521,32714,12828,28903,10055,86466,26047,103741,2335.8,38882,9926,37654,69512,28128,7934,229,356,208,86466,5198,0,553,1028,6033,797,0,0,4367,0,0,0,4592,7047,1931,2968,3301,0,227,0,0,0,0,0,0,0,8691,0,9610,0,0,0,0,0,9847,0,1849,0,0,0,37,747,0,0,0,0,0,0,0,0,140,5325,11075,0,0,1102,0,0,0,0,0,0,0,0,0,0,0,0
15,Marshalls,TN,35.15531384,-85.2457901,319111,"35.15531384,-85.2457901",1,1,0,0,0,0,1,0,0,0,0,1,0,197913,493272,0,0,0,0,1049236,0,0,0,0,521733,0,4,2262154,0,1,7,2,,1318.8524590163934,984.3378388592674,828.1557692307692,,1729.0,1290.4,893.0,0.0,3.0,0.0,1.0,0.0,0.0,0.0,2,1,2,2,2,3,1,2,1,479432,249551,1863642,500590,1469334,5172090,315205,693078,404148,1,1,2,27.0,14695,1363.7,58211,124205,50654,41.9,6749,221471,4156,2049,1976,2118,1114,22346,37068,85922,2268484,4209623,4282,1871,3715,1351,11668,3480,18049,1675.0,5859,1392,3637,1788,10744,1252,208,203,209,11668,0,0,0,0,0,0,0,0,0,0,0,0,0,0,0,2314,330,0,1236,3142,0,38,0,0,0,0,0,0,0,0,0,0,0,0,0,0,1124,2741,0,0,0,0,0,0,0,0,0,0,0,0,0,0,0,743,0,0,0,0,0,0,0,0,0,0,0,0,0,0
16,Marshalls,TN,35.9487633,-86.8177021,294725,"35.9487633,-86.8177021",2,0,0,0,1,0,3,1,0,0,0,0,1,212424,0,0,0,616885,0,1885356,355918,0,0,0,0,904768,8,3975351,6,10,4,1,1002.6207671104388,1000.3879233838293,897.1714743589744,697.6,2036.1666666666667,1845.2222222222222,1369.25,,0.0,1.0,0.0,1.0,0.0,0.0,0.0,0,1,2,1,2,2,0,1,0,,386171,1520319,219721,1458332,3488690,,556232,,1,1,7,342.0,60409,1459.4,112300,341981,94499,41.2,26264,517912,16471,8274,1995,17703,11502,160712,460315,271343,17061271,30496399,17825,7386,17967,5684,47041,12698,114502,2766.3,30916,3757,12460,2697,45764,4277,65,57,66,47041,4085,4567,2204,3749,4963,6738,0,0,1104,0,1607,0,4742,0,0,0,2769,0,0,0,1883,0,0,0,0,0,0,0,1698,0,0,0,0,3399,3288,0,0,0,0,0,0,0,0,0,0,0,0,0,0,0,0,0,0,0,0,0,0,244,0,0,0,0,0,0,0,0,0,0
17,Marshalls,TN,35.20774682,-89.89610965,274228,"35.20774682,-89.89610965",1,0,0,0,2,0,0,0,0,0,0,0,0,141717,0,0,0,2289621,0,0,0,0,0,0,0,0,3,2431338,0,0,5,33,,,933.5187469047712,937.9123982640307,,,957.8,804.1111111111111,0.0,6.0,0.0,3.0,0.0,0.0,0.0,3,1,3,2,4,4,1,4,1,758065,407725,2924792,819026,2981822,8415263,310435,1775271,376821,0,0,1,34.0,136715,2317.5,52779,69931,45208,35.3,55916,158891,28378,23192,1975,14015,8344,42539,140218,292683,16812027,30653988,37934,15808,30696,10710,103004,32822,122384,2074.6,46726,11325,43799,62128,47367,22269,200,310,181,103004,218,0,0,1705,169,0,0,0,0,0,0,0,4887,7310,1729,10983,3817,10817,1971,1201,0,0,0,0,0,0,0,0,6880,5050,0,0,0,0,1493,0,3373,650,6300,0,0,0,0,875,0,0,0,0,0,0,0,5124,4993,828,3143,7065,7503,0,4074,0,0,446,0,0,0,0,0,398
18,Marshalls,TN,36.13668573,-86.89025267,256613,"36.13668573,-86.89025267",1,0,0,0,2,0,2,0,0,0,1,0,0,135297,0,0,0,1086793,0,1913224,0,0,0,646805,0,0,6,3782119,1,3,17,7,1097.8703703703704,1122.8223854209166,1041.7980943308232,840.174369747899,2298.0,1919.3333333333333,1661.5,1262.5714285714287,0.0,3.0,0.0,1.0,0.0,2.0,1.0,2,0,1,3,2,3,1,1,0,711637,,629189,704844,1659596,4511976,266647,327611,,1,1,2,37.0,52747,1931.1,81293,144365,66598,38.5,27710,401531,13902,11146,1977,12707,8645,28726,132131,58078,14421856,25246437,15271,6505,14561,5342,42535,12631,48287,1767.8,21429,4296,16404,5703,38334,4610,157,222,146,42535,3205,0,0,1548,850,2547,0,0,0,0,2039,0,0,0,0,0,882,1330,911,0,0,0,0,0,0,0,0,0,0,0,0,0,0,3879,4070,0,1637,2779,904,0,2216,0,0,1390,0,0,0,0,0,0,0,8125,980,545,547,0,1820,0,330,0,0,0,0,0,0,0,0,0
19,Marshalls,TN,36.17549394,-82.79590644,247037,"36.17549394,-82.79590644",1,2,0,1,0,0,1,0,0,0,0,0,0,212609,798302,0,507739,0,0,455931,0,0,0,0,0,0,5,1974581,0,0,0,0,,,,,,,,,0.0,0.0,0.0,0.0,0.0,0.0,,0,0,1,1,0,1,0,0,0,,,902344,204352,,2404240,,,,0,0,1,22.0,20606,607.8,45515,90741,39583,43.2,9251,174101,5153,3064,1974,2317,1445,6644,10355,42179,2382652,4549389,5976,2607,4837,1793,16948,5476,29371,866.3,7657,3210,5174,934,17522,1377,141,114,146,16948,0,0,0,0,0,0,0,0,0,0,0,0,0,0,0,1533,0,0,0,5267,0,779,0,0,0,1097,0,0,0,0,0,0,0,0,0,0,0,0,0,883,0,0,0,1060,787,580,766,0,615,579,0,0,0,0,0,0,0,3003,0,0,0,0,0,0,0,0,0,0
20,Marshalls,TN,36.03737298,-83.8873844,241529,"36.03737298,-83.8873844",1,2,0,0,2,0,0,0,0,0,0,0,0,75673,826252,0,0,1683637,0,0,0,0,0,0,0,0,5,2585562,0,0,4,5,,,945.6504170739654,991.2376126126126,,,1199.5,860.5,0.0,3.0,0.0,0.0,0.0,0.0,0.0,0,1,3,2,3,4,0,0,1,,381871,2395160,635745,2131403,8407785,,,561367,1,1,1,14.0,50443,1469.8,48753,75142,41564,41.1,23878,196653,12769,9192,1965,6728,3735,20029,50223,166259,6706354,12601306,14648,6071,11591,4587,39904,12765,47953,1397.3,18621,5942,13759,9000,34899,3731,168,177,167,39904,0,0,0,0,0,0,0,0,0,0,0,0,0,0,3562,3519,0,0,3799,2926,0,56,808,0,0,193,0,0,0,0,0,0,0,0,1438,0,0,6225,319,0,0,0,0,0,82,106,0,0,0,0,0,72,0,1798,1874,537,5571,5164,1856,0,0,0,0,0,0,0,0,0
21,Marshalls,TN,36.32191681,-86.6014702,199711,"36.32191681,-86.6014702",1,0,0,0,2,0,1,0,0,0,0,0,0,208408,0,0,0,1798727,0,508425,0,0,0,0,0,0,4,2515560,0,6,12,1,,1044.5532143624698,901.61923870395,547.5555555555555,,1537.5,1282.2,,0.0,3.0,0.0,1.0,0.0,0.0,0.0,1,2,4,2,4,4,1,1,1,183248,861480,2508732,560575,2285730,7283578,344169,394611,357338,0,0,2,41.0,52469,1793.1,77516,206003,63383,40.6,22360,330342,14162,6845,1988,10091,4787,31512,43450,120471,9965993,17961445,15718,6553,14116,4605,40918,11835,53412,1825.4,24019,5062,11361,4690,40900,3596,72,58,74,40918,0,4292,1604,3671,4174,0,0,0,0,0,0,0,3488,973,3946,1315,0,2901,0,832,515,0,0,0,0,0,0,0,0,0,0,0,0,1050,5363,0,0,3744,0,0,0,0,0,1215,0,0,0,0,0,0,0,1783,52,0,0,0,0,0,0,0,0,0,0,0,0,0,0,0
